image,label,reason,id,output
0a856d3d-6939-4a3b-b80c-46ff0ddb324d-461-0,下单过程中出现异常（显示购买失败浮窗）,未开通”消费者保障“服务导致交易失败，属于下单过程中出现的异常,0a856d3d-6939-4a3b-b80c-46ff0ddb324d-461,下单过程中出现异常（显示购买失败浮窗）
05cf135a-1e77-425e-8866-5c2f5ebc8995-420-0,,显示购买失败浮窗,05cf135a-1e77-425e-8866-5c2f5ebc8995-420,下单过程中出现异常（显示购买失败浮窗）
5e0efa32-56bc-4067-8245-db55fa9098af-479-0,,显示购买失败浮窗,5e0efa32-56bc-4067-8245-db55fa9098af-479,下单过程中出现异常（显示购买失败浮窗）
5f05bd4f-78cb-47ef-9798-5aab5b0f53c0-478-0,,支付宝帐号未绑定浮窗，属于下单过程中出现异常,5f05bd4f-78cb-47ef-9798-5aab5b0f53c0-478,下单过程中出现异常（显示购买失败浮窗）
6a3b12e4-1bfe-445a-93de-8641458ead76-480-0,,显示购买失败浮窗,6a3b12e4-1bfe-445a-93de-8641458ead76-480,下单过程中出现异常（显示购买失败浮窗）
6d676a06-b79a-4e55-a946-70d978aa9065-462-0,,显示购买失败浮窗,6d676a06-b79a-4e55-a946-70d978aa9065-462,下单过程中出现异常（显示购买失败浮窗）
9ae9adce-d6ff-4ba4-aad4-bcd10f962a95-411-0,,显示购买失败浮窗,9ae9adce-d6ff-4ba4-aad4-bcd10f962a95-411,下单过程中出现异常（显示购买失败浮窗）
9cacdc26-b333-4cc5-a4be-f3d08f9dcebf-497-0,,超过限购数量，无法购买，属于下单过程出现的异常,9cacdc26-b333-4cc5-a4be-f3d08f9dcebf-497,下单过程中出现异常（显示购买失败浮窗）
781f5a70-68aa-433a-b801-7e9fd894444a-494-0,,显示购买失败浮窗,781f5a70-68aa-433a-b801-7e9fd894444a-494,下单过程中出现异常（显示购买失败浮窗）
5161f375-eea7-4b10-9242-144c68739726-417-0,,待下单页面出现信用评分不通过，属于下单过程中出现的异常,5161f375-eea7-4b10-9242-144c68739726-417,下单过程中出现异常（显示购买失败浮窗）
5236d779-2648-4e8f-8778-af2513c7a0d2-404-0,,显示购买失败浮窗,5236d779-2648-4e8f-8778-af2513c7a0d2-404,下单过程中出现异常（显示购买失败浮窗）
7986f134-c6b5-454b-8ff7-e82d08472da6-439-0,,商品限购，不可购买，属于下单过程中出现的异常,7986f134-c6b5-454b-8ff7-e82d08472da6-439,下单过程中出现异常（显示购买失败浮窗）
77558b8e-e7b3-470b-9d99-545268f8b0b7-409-0,,显示购买失败浮窗,77558b8e-e7b3-470b-9d99-545268f8b0b7-409,下单过程中出现异常（显示购买失败浮窗）
77558b8e-e7b3-470b-9d99-545268f8b0b7-409-0,,显示购买失败浮窗,77558b8e-e7b3-470b-9d99-545268f8b0b7-409,下单过程中出现异常（显示购买失败浮窗）
49898712-7045-4682-b9f6-4546566c654d-491-0,,显示购买失败浮窗,49898712-7045-4682-b9f6-4546566c654d-491,下单过程中出现异常（显示购买失败浮窗）
a7a6e488-ee50-48d4-a81e-19d05342b873-414-0,,订单详情页显示发货失败，属于下单过程中出现的异常,a7a6e488-ee50-48d4-a81e-19d05342b873-414,下单过程中出现异常（显示购买失败浮窗）
a8a0f1cb-e435-4942-ba88-852daca08a0f-427-0,,出现稍等片刻浮窗，可能是后端服务响应延迟，属于下单过程中出现的异常,a8a0f1cb-e435-4942-ba88-852daca08a0f-427,下单过程中出现异常（显示购买失败浮窗）
a67b8059-187a-4715-a558-2453bd528481-447-0,,显示购买失败浮窗,a67b8059-187a-4715-a558-2453bd528481-447,下单过程中出现异常（显示购买失败浮窗）
cdfdc513-670d-4583-a136-51b48cd14c75-412-0,,显示购买失败浮窗,cdfdc513-670d-4583-a136-51b48cd14c75-412,下单过程中出现异常（显示购买失败浮窗）
d3d69670-265e-40d8-887f-f6376d5667b6-470-0,,显示购买失败浮窗,d3d69670-265e-40d8-887f-f6376d5667b6-470,下单过程中出现异常（显示购买失败浮窗）
e7728279-4499-4c62-9edc-0666dde96a23-424-0,,显示购买失败浮窗,e7728279-4499-4c62-9edc-0666dde96a23-424,下单过程中出现异常（显示购买失败浮窗）
3a84584a-177d-407c-99c9-6e8796280f74-370-0,商品详情页截图,展示了商品价格、折扣后的价格（补贴后¥7526）、折扣力度（优惠前¥8184），发货时间（三天内发货），属于商品详情页截图,3a84584a-177d-407c-99c9-6e8796280f74-370,商品详情页截图
3ccae610-e299-47ad-a7d5-b55f599c4460-349-0,,关于88VIP价格、续费方式、使用条款，属于商品详情页截图,3ccae610-e299-47ad-a7d5-b55f599c4460-349,商品详情页截图
4a7a0a92-d76d-4386-b608-587b778149ea-386-0,,主要显示商品名称搓澡巾与图片，并显示商品优惠活动（每300减50）与服务保障（退货运费险）等，属于商品详情页截图,4a7a0a92-d76d-4386-b608-587b778149ea-386,商品详情页截图
4b94023a-6a7e-4044-ad97-86cf0a9c5647-348-0,,显示商品名称“小狗凉席”，并显示相关产品信息，属于商品详情页截图,4b94023a-6a7e-4044-ad97-86cf0a9c5647-348,商品详情页截图
6d1eda11-4157-45b3-a617-35013aefc392-390-0,,主要显示商品图片与折扣后价格，属于商品详情页截图,6d1eda11-4157-45b3-a617-35013aefc392-390,商品详情页截图
7ecdc46f-b992-467c-a41e-3ad966ec2286-303-0,,主要显示商品用途、尺寸、材质、型号等信息，属于商品详情页截图,7ecdc46f-b992-467c-a41e-3ad966ec2286-303,商品详情页截图
8a4fff38-4519-4a8f-8c01-15f84ed1da74-343-0,,展示商品不同颜色商品的质感，属于商品详情页截图,8a4fff38-4519-4a8f-8c01-15f84ed1da74-343,商品详情页截图
8b0d6f2a-5b34-4819-8844-b064f378426f-301-0,,关于88VIP购物卡商品包月价格、会员特权等信息，属于商品详情页截图,8b0d6f2a-5b34-4819-8844-b064f378426f-301,商品详情页截图
29b5b7e8-2589-4c19-8fdc-f92981c58e8e-328-0,,主要显示了一个产品的图片、规格、价格等信息，属于商品详情页截图,29b5b7e8-2589-4c19-8fdc-f92981c58e8e-328,商品详情页截图
78ed06ab-8489-4783-9153-01a15e72661f-338-0,,显示了有关商品退货政策信息，包含了退货运费险和7天无理由退货的说明，属于商品详情页截图,78ed06ab-8489-4783-9153-01a15e72661f-338,商品详情页截图
79fd4c9f-3ebd-4a18-8858-4ae488d6f3e9-385-0,,展示了关于商品购买的服务信息，如假一赔四、退货运费险、极速退款和7天无理由退换等政策，属于商品详情页截图,79fd4c9f-3ebd-4a18-8858-4ae488d6f3e9-385,商品详情页截图
88c16dc1-c80c-46b1-9435-0b2e31b7e5ab-329-0,,主要展示了空调的规格参数和安装服务收费标准，以便消费者了解产品特性和相关服务，属于商品详情页截图,88c16dc1-c80c-46b1-9435-0b2e31b7e5ab-329,商品详情页截图
153f5f33-a4cd-46db-9fcc-18f5d4488bff-391-0,,显示了商品相关信息，如价格、图片、描述、购买选项等信息，属于商品详情页截图,153f5f33-a4cd-46db-9fcc-18f5d4488bff-391,商品详情页截图
388c5e97-cb33-456f-8a34-30a373bfb3c6-302-0,,展示了淘宝省钱卡商品的开通价格与开通后的相关保障，属于商品详情页截图,388c5e97-cb33-456f-8a34-30a373bfb3c6-302,商品详情页截图
427a59b0-840f-4668-bcb6-b7594c516e2a-342-0,,主要展示了一个产品的特写图片和相关的产品介绍文字，属于商品详情页截图,427a59b0-840f-4668-bcb6-b7594c516e2a-342,商品详情页截图
507f1839-3e94-467b-a815-16ab10c04ea7-300-0,,展示了一个望远镜套装的各个组件和配件，属于商品详情页截图,507f1839-3e94-467b-a815-16ab10c04ea7-300,商品详情页截图
4983bae0-ea38-4b1f-9a4e-b20cc5a28a52-317-0,,显示有关商品退货和补寄政策的详细信息，这些信息通常会出现在商品详情页中，以便消费者了解购买条款和售后服务,4983bae0-ea38-4b1f-9a4e-b20cc5a28a52-317,商品详情页截图
903193eb-732e-43fe-9f87-bb4c0234eb00-360-0,,主要展示了汽车座椅套的图片和价格信息，属于商品详情页截图,903193eb-732e-43fe-9f87-bb4c0234eb00-360,商品详情页截图
4872157d-015c-423d-bf0f-261e2552204f-364-0,,显示了有关商品退货运费险和7天无理由退货的政策信息，这些通常出现在商品详情页中，以便消费者了解购物条款和退货政策,4872157d-015c-423d-bf0f-261e2552204f-364,商品详情页截图
b41e809f-626e-44c9-ab0e-c52840d8b55d-387-0,,展示了有关88VIP购物卡商品的包月价格与购买后的相关福利，如免费退货、售后保障快速响应，属于商品详情页截图,b41e809f-626e-44c9-ab0e-c52840d8b55d-387,商品详情页截图
c5aaa403-e3aa-4441-8ea7-20bd48c5bbc7-381-0,,展示了88VIP会员退货包运费服务的详细说明，内容包括服务条款、使用条件和会员权益等，这些都是商品详情页中常见的信息,c5aaa403-e3aa-4441-8ea7-20bd48c5bbc7-381,商品详情页截图
c8bd40f5-038f-4ad8-b595-870e60d6c341-305-0,,显示了88VIP会员的各种权益和优惠信息，这些内容通常会出现在商品或服务的详细介绍页面中，以便用户了解会员资格的具体福利和使用条件,c8bd40f5-038f-4ad8-b595-870e60d6c341-305,商品详情页截图
c8e56757-3e82-48ab-b73a-3dd994cbf75e-388-0,,展示了产品的各个组件和特点，通常用于在线购物平台的产品介绍页面。图中包含产品图片、配件、以及文字说明，这些都是商品详情页的典型元素,c8e56757-3e82-48ab-b73a-3dd994cbf75e-388,商品详情页截图
c9a319fc-b81e-47bd-9730-3b57da24f3c3-341-0,,展示了88VIP生活卡商品与其他类型卡的比较，包括价格、优惠和权益等内容，属于商品详情页截图,c9a319fc-b81e-47bd-9730-3b57da24f3c3-341,商品详情页截图
c413dfe4-0566-467c-b8a1-f75aef504c8b-374-0,,主要显示了商品的相关信息，如产品参数、图片等，属于商品详情页截图,c413dfe4-0566-467c-b8a1-f75aef504c8b-374,商品详情页截图
caa76553-5fca-4813-bb23-4ef714726aa7-354-0,,显示了商品的详细信息，包括名称、净含量、产地、品牌和茶种类等，属于商品详情页截图,caa76553-5fca-4813-bb23-4ef714726aa7-354,商品详情页截图
ced52abc-6e1f-4c2b-a398-707f52a48947-373-0,,展示了购物卡商品的价格、会员特权等内容，这些通常会出现在商品详情页中,ced52abc-6e1f-4c2b-a398-707f52a48947-373,商品详情页截图
d4a634f3-7338-4142-bff0-bce16d77b994-357-0,,显示了商品服务信息，包括退货政策和VIP运费优惠，属于商品详情页截图,d4a634f3-7338-4142-bff0-bce16d77b994-357,商品详情页截图
d39621fd-6caf-42d8-9792-2273ec991a9e-325-0,,展示了一套运动服的正面和背面设计，并且包含了细节特写，是商品详情页中用来让消费者了解产品外观和设计的内容,d39621fd-6caf-42d8-9792-2273ec991a9e-325,商品详情页截图
dea6d27b-8ccc-4d53-bfc5-11f4ed29696b-339-0,,展示了一款产品（电动剃须刀）的图片和相关特点说明，如顺滑刀网、高效净剃、全身水洗等，这些信息通常出现在商品的详细介绍页面中,dea6d27b-8ccc-4d53-bfc5-11f4ed29696b-339,商品详情页截图
e54b8758-4cd0-4a5b-9e2b-b7831064b1d1-314-0,,显示了一个商家的公告、商品价格等信息，属于商品详情页截图,e54b8758-4cd0-4a5b-9e2b-b7831064b1d1-314,商品详情页截图
ec323a8c-8945-4e32-a51a-6387eb4f5fe9-334-0,,显示了产品参数信息，如产地、储存条件、包装方式等，属于商品详情页截图,ec323a8c-8945-4e32-a51a-6387eb4f5fe9-334,商品详情页截图
f1847dcd-1afd-46e8-b0fa-ddd948ff577a-358-0,,主要展示了商品图片、价格、促销信息、购买选项和用户评价等典型的商品页面元素，这些都是商品详情页的常见特征,f1847dcd-1afd-46e8-b0fa-ddd948ff577a-358,商品详情页截图
0ba50144-1857-4ea4-ad65-590d40076fe6-278-0,商品头图,展示了商品首页的大图,0ba50144-1857-4ea4-ad65-590d40076fe6-278,商品头图
0d86d1a7-f741-4ef1-90ac-718b8bbad4ba-259-0,,展示了商品首页的大图,0d86d1a7-f741-4ef1-90ac-718b8bbad4ba-259,商品头图
1e7ecd17-bec5-4bf5-86fb-78354f2a4f33-290-0,,展示了商品首页的大图,1e7ecd17-bec5-4bf5-86fb-78354f2a4f33-290,商品头图
1f93ab0f-8f09-4398-aabf-9a2e18cd2b35-250-0,,展示了商品首页的大图,1f93ab0f-8f09-4398-aabf-9a2e18cd2b35-250,商品头图
2f904998-4f4a-4cd9-afd9-7c4978b63c31-271-0,,展示了商品首页的大图,2f904998-4f4a-4cd9-afd9-7c4978b63c31-271,商品头图
3b5c2838-ffcb-4512-a876-ee40349e0a4a-219-0,,展示了商品首页的大图,3b5c2838-ffcb-4512-a876-ee40349e0a4a-219,商品头图
3fa142a3-cc52-4569-996a-9db104acece4-204-0,,展示了商品首页的大图,3fa142a3-cc52-4569-996a-9db104acece4-204,商品头图
4a1ac1e7-5568-4e33-8104-232b8fcc13d8-267-0,,展示了商品首页的大图,4a1ac1e7-5568-4e33-8104-232b8fcc13d8-267,商品头图
4d8d7a8b-86c1-42b1-9fe7-362944c88fc3-248-0,,展示了商品首页的大图,4d8d7a8b-86c1-42b1-9fe7-362944c88fc3-248,商品头图
5ad7f554-0275-43eb-8db4-a61400135b47-291-0,,展示了商品首页的大图,5ad7f554-0275-43eb-8db4-a61400135b47-291,商品头图
9bae44ea-704b-4f13-ab64-4bc7a186da17-214-0,,展示了商品首页的大图,9bae44ea-704b-4f13-ab64-4bc7a186da17-214,商品头图
82ee06a9-d5bc-4be3-b7a4-6ae37e07a463-279-0,,展示了商品首页的大图,82ee06a9-d5bc-4be3-b7a4-6ae37e07a463-279,商品头图
99d8d751-31ba-4e46-9d67-b20d039fb4c8-237-0,,展示了商品首页的大图,99d8d751-31ba-4e46-9d67-b20d039fb4c8-237,商品头图
713f8571-fc5a-40b2-967c-e0d6aed1401a-272-0,,展示了商品首页的大图,713f8571-fc5a-40b2-967c-e0d6aed1401a-272,商品头图
1192c019-b07e-4d91-a32c-c15e98668b72-205-0,,展示了商品首页的大图,1192c019-b07e-4d91-a32c-c15e98668b72-205,商品头图
2578d062-aaba-4cd3-98f0-5e6d0f41d4a8-234-0,,展示了商品首页的大图,2578d062-aaba-4cd3-98f0-5e6d0f41d4a8-234,商品头图
6726b584-4c16-4c31-8943-d9c1a4fce411-238-0,,展示了商品首页的大图,6726b584-4c16-4c31-8943-d9c1a4fce411-238,商品头图
15046b01-1d96-4c3f-be40-be817334b376-269-0,,展示了商品首页的大图,15046b01-1d96-4c3f-be40-be817334b376-269,商品头图
689968bd-fa60-4fae-b279-811831e9b7be-253-0,,展示了商品首页的大图,689968bd-fa60-4fae-b279-811831e9b7be-253,商品头图
764605ef-a753-4921-914b-a6de1306da5c-295-0,,展示了商品首页的大图,764605ef-a753-4921-914b-a6de1306da5c-295,商品头图
a613c735-2ca1-459e-8c94-cb25b70a21c9-251-0,,展示了商品首页的大图,a613c735-2ca1-459e-8c94-cb25b70a21c9-251,商品头图
aceb1709-deed-40e2-99f9-620a35b0572c-229-0,,展示了商品首页的大图,aceb1709-deed-40e2-99f9-620a35b0572c-229,商品头图
af458050-b8de-4837-a969-c3aba6f4f394-247-0,,展示了商品首页的大图,af458050-b8de-4837-a969-c3aba6f4f394-247,商品头图
b2a45fbf-08c4-4cf1-9d08-21aedc7ed4a2-268-0,,展示了商品首页的大图,b2a45fbf-08c4-4cf1-9d08-21aedc7ed4a2-268,商品头图
b2c9ac7e-98b5-4ad0-a0cf-06111c6b43b3-297-0,,展示了商品首页的大图,b2c9ac7e-98b5-4ad0-a0cf-06111c6b43b3-297,商品头图
b5e3305d-b36c-442a-bd38-ad45af84cb79-235-0,,展示了商品首页的大图,b5e3305d-b36c-442a-bd38-ad45af84cb79-235,商品头图
b9ea1964-20ec-4580-9b24-9b2590c6dd66-265-0,,展示了商品首页的大图,b9ea1964-20ec-4580-9b24-9b2590c6dd66-265,商品头图
b624af69-bd09-419f-aee9-bb8bdff40b2a-225-0,,展示了商品首页的大图,b624af69-bd09-419f-aee9-bb8bdff40b2a-225,商品头图
bcd3b9a0-c78c-42ee-9ab1-6a608ca31048-282-0,,展示了商品首页的大图,bcd3b9a0-c78c-42ee-9ab1-6a608ca31048-282,商品头图
c70125ea-1c3d-429f-8b02-1f9f934a689f-266-0,,展示了商品首页的大图,c70125ea-1c3d-429f-8b02-1f9f934a689f-266,商品头图
ccc9cc11-c449-4af8-a292-2f786ae6ce78-249-0,,展示了商品首页的大图,ccc9cc11-c449-4af8-a292-2f786ae6ce78-249,商品头图
cd16c765-96bb-4116-8ff0-b43ffe040e20-233-0,,展示了商品首页的大图,cd16c765-96bb-4116-8ff0-b43ffe040e20-233,商品头图
e809c8c0-efd0-4e71-a08f-d1477cf47000-236-0,,展示了商品首页的大图,e809c8c0-efd0-4e71-a08f-d1477cf47000-236,商品头图
ea159335-7af2-4b8d-b678-8830b940751d-277-0,,展示了商品首页的大图,ea159335-7af2-4b8d-b678-8830b940751d-277,商品头图
f6112f73-bff7-4088-9861-3ad9b274ad27-223-0,,展示了商品首页的大图,f6112f73-bff7-4088-9861-3ad9b274ad27-223,商品头图
f942220d-3a22-4519-acaa-44258232e627-224-0,,展示了商品首页的大图,f942220d-3a22-4519-acaa-44258232e627-224,商品头图
faf3d4f0-4a8e-4f46-9df6-ba942491517c-287-0,,展示了商品首页的大图,faf3d4f0-4a8e-4f46-9df6-ba942491517c-287,商品头图
1bea64b4-d60b-4f5e-8d2b-4c631bc5e522-135-0,商品分类选项,展示了不同的商品规格和颜色选择，属于商品规格分类选项,1bea64b4-d60b-4f5e-8d2b-4c631bc5e522-135,商品分类选项
2cc511df-d5ac-4d26-9f60-924fa740c47a-124-0,,因为它显示了商品的价格、规格选择（如型号），属于商品规格分类选项,2cc511df-d5ac-4d26-9f60-924fa740c47a-124,商品分类选项
4f5691fb-eb5d-47e0-8f33-89d5516e114e-173-0,,展示了不同的商品规格和颜色分类选项。图中显示了多个选择，如「高蛋白全猫粮」和「无谷鸡肉幼猫粮」，这些都是典型的商品规格和颜色分类信息,4f5691fb-eb5d-47e0-8f33-89d5516e114e-173,商品分类选项
5a98e2ea-815a-48e5-a98a-44aae9d06eba-123-0,,展示了不同的商品颜色和规格选项，用户可以选择颜色、尺寸等来定制购买的商品，属于商品分类选项,5a98e2ea-815a-48e5-a98a-44aae9d06eba-123,商品分类选项
5bd09002-fd57-4577-acea-fac4a374b678-167-0,,显示了商品规格（如容量和数量），这些信息通常用于让消费者选择购买的具体商品规格，属于商品分类选项,5bd09002-fd57-4577-acea-fac4a374b678-167,商品分类选项
5ceeccfd-28f8-4f1a-a2cf-30ecb86a1bb6-152-0,,显示了商品的颜色（白色钛金属、蓝色钛金属）和规格选项（128GB、256GB、1TB），属于商品分类选项,5ceeccfd-28f8-4f1a-a2cf-30ecb86a1bb6-152,商品分类选项
8b0456a8-414b-4837-85f2-99e762912e26-109-0,,展示了购买商品时的不同选择，包括颜色（白色、黑色、原色、蓝色钛金属）和内存（256GB、512GB、1TB）等选项，属于商品分类选项,8b0456a8-414b-4837-85f2-99e762912e26-109,商品分类选项
9a26d4b8-3307-496f-ad37-62dd53e5b0d3-172-0,,显示了空调的不同规格和选项，如空调类型、空调功率、能效等级和冷暖类型，属于商品分类选项,9a26d4b8-3307-496f-ad37-62dd53e5b0d3-172,商品分类选项
9e99e0b5-54dc-4d6b-8a65-68dd2bab692d-149-0,,展示了购买商品时的不同选择，包括颜色（黑色、金色）、存储容量（如12GB+512GB）和套餐类型。这些选项让消费者可以根据自己的需求选择合适的商品配置,9e99e0b5-54dc-4d6b-8a65-68dd2bab692d-149,商品分类选项
9ffca122-c6e6-4780-93a3-65178f5f8a9b-184-0,,显示了不同的商品颜色和规格选项供消费者选择。图中列出了多种颜色和存储容量的组合，属于商品分类选项,9ffca122-c6e6-4780-93a3-65178f5f8a9b-184,商品分类选项
36b235dc-f7a4-440b-a709-fce103bdf058-101-0,,显示了不同商品颜色和规格的选择，让消费者可以根据喜好选择不同的商品变体，属于商品分类选项,36b235dc-f7a4-440b-a709-fce103bdf058-101,商品分类选项
42ae8b61-5fa0-43eb-aad3-efef733afbbc-157-0,,显示了不同的产品规格和选择，例如“黄金/神仙精油50ml”、“极光精油100ml”、“玫瑰精油100ml”等，属于商品分类选项,42ae8b61-5fa0-43eb-aad3-efef733afbbc-157,商品分类选项
63beb7c4-c799-4e93-bc5e-44445a1d5170-106-0,,显示了购买商品时的颜色和规格选择（如粉色、12GB+512GB），以及价格和购买方式等信息，属于商品分类选项,63beb7c4-c799-4e93-bc5e-44445a1d5170-106,商品分类选项
63c5aba0-ba1c-4139-bf12-1d7e17774e9b-119-0,,显示了购买的商品类型和规格选项，例如「AirPods 3 配magsafe充电盒」和「AirPods 3 配闪电充电盒」，属于商品分类选项,63c5aba0-ba1c-4139-bf12-1d7e17774e9b-119,商品分类选项
65f260d2-2236-4aaf-88f2-c69e2164125d-180-0,,显示了不同规格和颜色的商品选择，例如 iPad Air 的不同存储容量和颜色选项，属于商品分类选项,65f260d2-2236-4aaf-88f2-c69e2164125d-180,商品分类选项
75db8c6a-07b8-448d-8bb7-25a387f78a1a-164-0,,展示了不同的商品规格和价格选择。图中显示了多个产品选项，包括不同的数量和价格，属于商品分类选项,75db8c6a-07b8-448d-8bb7-25a387f78a1a-164,商品分类选项
85bc84fc-84f5-45ea-a6f6-37e2e573647d-116-0,,展示了购买商品时的颜色和内存规格选择。图中显示了不同的颜色选项（如白色、黑色、原色、蓝色钛金属）和内存容量（如128GB、256GB等），属于商品分类选项,85bc84fc-84f5-45ea-a6f6-37e2e573647d-116,商品分类选项
279db291-a8da-4028-bef3-486eb18dda93-161-0,,显示了购买商品时的规格选择，属于商品分类选项,279db291-a8da-4028-bef3-486eb18dda93-161,商品分类选项
461bbe04-c31b-4bc8-b8f0-78feefb9147f-108-0,,展示了不同的商品规格和颜色选择，属于商品分类选项,461bbe04-c31b-4bc8-b8f0-78feefb9147f-108,商品分类选项
2562d0ba-2014-4745-b8d3-6c93f0b8d7f9-175-0,,图片中显示了两种颜色的商品图片，以及多个尺寸选项（如M、L、XL等），属于商品分类选项,2562d0ba-2014-4745-b8d3-6c93f0b8d7f9-175,商品分类选项
04447acb-9526-42d6-9d26-2c5ee43a6f54-113-0,,主要展示不同颜色和款式的包包选项，属于商品分类选项,04447acb-9526-42d6-9d26-2c5ee43a6f54-113,商品分类选项
282859db-f0ba-4a6d-993e-91b8707179a0-193-0,,展示不同的商品规格和口味选择，如冬瓜茶砖的不同包装和重量选项。此外，还有颜色分类的选项，这些都是典型的商品分类选项,282859db-f0ba-4a6d-993e-91b8707179a0-193,商品分类选项
75153042-e4f1-4a54-9daf-3eee42188c91-122-0,,显示不同规格和尺寸的选择，例如NB码、S码、L码、XL码等，属于商品分类选项,75153042-e4f1-4a54-9daf-3eee42188c91-122,商品分类选项
aaa83b65-0678-4055-8adf-328a2958bdd6-199-0,,展示了商品的颜色和尺寸选择（紫色、红色，尺寸S、M、L），属于商品分类选项,aaa83b65-0678-4055-8adf-328a2958bdd6-199,商品分类选项
b7a895a8-6ce0-4b39-b73f-a5bbf79ade45-111-0,,主要展示了商品的不同规格选项（如128GB和256GB），属于商品分类选项,b7a895a8-6ce0-4b39-b73f-a5bbf79ade45-111,商品分类选项
badd64cf-6a55-434e-b88c-af5fb8052bc5-174-0,,主要显示了多种商品规格和香味选择，例如「柠檬清香」、「纯白清香」等，让消费者可以选择不同的产品变体，属于商品分类选项,badd64cf-6a55-434e-b88c-af5fb8052bc5-174,商品分类选项
c21c9ce3-ed62-4fda-91eb-3e5b096eb759-141-0,,显示了购买商品时的颜色和规格选择（如内存大小），属于商品分类选项,c21c9ce3-ed62-4fda-91eb-3e5b096eb759-141,商品分类选项
c233e0e3-892d-4551-8699-48e4730a8a87-129-0,,展示了不同的商品款式和规格选项，如颜色、型号（如AP77车手花）、尺寸（如2XL）等，属于商品分类选项,c233e0e3-892d-4551-8699-48e4730a8a87-129,商品分类选项
d1dfd94f-7dc0-4c5c-a818-92f958d76040-195-0,,显示了不同的商品规格和颜色选择，例如处理器型号、记忆体和显示卡配置等，属于商品分类选项,d1dfd94f-7dc0-4c5c-a818-92f958d76040-195,商品分类选项
d9d229c6-6678-44a9-b422-b548f5011abb-188-0,,显示了不同的商品颜色的选择，属于商品分类选项,d9d229c6-6678-44a9-b422-b548f5011abb-188,商品分类选项
dd796d26-741e-4d2c-bf53-456aa6e42645-136-0,,显示了商品规格选择，属于商品分类选项,dd796d26-741e-4d2c-bf53-456aa6e42645-136,商品分类选项
e66c592f-10bf-4d02-a75f-b456c80dd9b5-153-0,,显示了商品的颜色和规格选项（如存储容量），属于商品分类选项,e66c592f-10bf-4d02-a75f-b456c80dd9b5-153,商品分类选项
e71de6e6-929e-46f5-9984-bee2e4058021-155-0,,主要展示了鞋子的不同款式和尺码选择，属于商品分类选项,e71de6e6-929e-46f5-9984-bee2e4058021-155,商品分类选项
e410d38c-a0c3-41f9-8ce6-3ad8c0273205-137-0,,主要展示了购买商品的颜色和规格选项（如白色），属于商品分类选项,e410d38c-a0c3-41f9-8ce6-3ad8c0273205-137,商品分类选项
f860e23d-74b9-4c83-aa08-0485a8a7e1a3-186-0,,主要展示了购买商品时的规格选择，如颜色（幻夜黑）和内存规格（12GB+256GB等），属于商品分类选项,f860e23d-74b9-4c83-aa08-0485a8a7e1a3-186,商品分类选项
0ec27e79-0856-4727-a9b0-643ddf537e8e-1223-0,退款页面,退款详情介面（上方显示），显示包括退款金额、退款原因、申请时间等信息，属于退款页面,0ec27e79-0856-4727-a9b0-643ddf537e8e-1223,退款页面
0ed8a210-faf0-42c6-9ec9-1f5551089204-1182-0,,显示退款成功的信息，包括退款时间、退款金额，属于退款页面,0ed8a210-faf0-42c6-9ec9-1f5551089204-1182,退款页面
1b2cc631-82cf-413d-b9f8-fce2d4fe7b84-1247-0,,退款详情介面，显示退款时间、退款金额，属于退款页面,1b2cc631-82cf-413d-b9f8-fce2d4fe7b84-1247,退款页面
1b93d38f-4ac6-4218-a6f5-a4297f2b496a-1212-0,,退款详情介面，主要显示退款相关信息，如退款时间、退款金额,1b93d38f-4ac6-4218-a6f5-a4297f2b496a-1212,退款页面
2ec26674-278f-49a3-ac05-d6d723891fa4-1158-0,,退款详情介面（上方显示），主要显示了退款总金额、退款原因、退款金额、申请时间等信息，这些都是典型的退款相关内容,2ec26674-278f-49a3-ac05-d6d723891fa4-1158,退款页面
4be4fbf3-025e-4004-be92-bb43a78fd4ff-1210-0,,退款详情介面，包含了退款的详细信息，例如退款金额、退款原因、申请时间等,4be4fbf3-025e-4004-be92-bb43a78fd4ff-1210,退款页面
6c098a4b-1700-4144-bb3c-a96c9be24478-1207-0,,显示了退款申请的详细信息，包括货物状态、退款原因、金额，以及相关的图片证据，这些都是典型的退款信息,6c098a4b-1700-4144-bb3c-a96c9be24478-1207,退款页面
8d4e7de8-2754-4895-937c-307a305f57c5-1226-0,,显示了退款成功的信息，包括退款金额、退款日期，这些都是典型的退款相关信息,8d4e7de8-2754-4895-937c-307a305f57c5-1226,退款页面
14cb57ec-3f82-4f26-b32c-955b5a374f9b-1153-0,,显示了一个购物应用的退款/售后页面，包含有关退款申请的状态和操作选项，如“撤销申请”、“修改申请”、“联系商家”等。这些元素表明该页面涉及退款信息,14cb57ec-3f82-4f26-b32c-955b5a374f9b-1153,退款页面
65d5cd48-93d9-4c3d-87a6-521206480832-1221-0,,图片主要包含 了“退款”字样，并且显示了相关的日期和时间，这通常是退款信息的一部分,65d5cd48-93d9-4c3d-87a6-521206480832-1221,退款页面
67aae9c0-4a9f-4dbd-9bc5-79a398e5a7b6-1175-0,,包含退款成功的信息、退款时间、退款金额等详细内容，这些都是典型的退款相关信息,67aae9c0-4a9f-4dbd-9bc5-79a398e5a7b6-1175,退款页面
70aeecff-efd0-4364-a387-f6273f2690c1-1189-0,,退款纪录页面，显示了多笔交易的退款记录。每笔交易旁边都有“有退款”字样，并标明退款已退至某个月份的账单，属于退款相关的页面,70aeecff-efd0-4364-a387-f6273f2690c1-1189,退款页面
84bb7b49-e6c6-4787-90f4-a21694182fb8-1239-0,,退款详情介面，显示了包括退款关闭的时间、退款原因（发货速度不满意）、退款金额、申请时间，这些信息都是典型的退款页面内容,84bb7b49-e6c6-4787-90f4-a21694182fb8-1239,退款页面
126d9849-1f6c-46e1-8093-ca45073df553-1151-0,,显示了退款的相关信息，包括退款金额（7478.00元）、退款原因（交易风险）、以及商家同意退款的记录，属于退款页面,126d9849-1f6c-46e1-8093-ca45073df553-1151,退款页面
0788a701-765c-43f0-8e40-95d55e53f181-1240-0,,售后详情页面，主要显示了退款成功的信息，包括退款金额、退款方式（支付宝余额），属于退款页面,0788a701-765c-43f0-8e40-95d55e53f181-1240,退款页面
65515eb4-6e8e-46e2-bbd0-347174dcb7f3-1230-0,,退款详情页，包括退款金额、申请时间和退款编号等信息，属于退款页面,65515eb4-6e8e-46e2-bbd0-347174dcb7f3-1230,退款页面
84337d85-1c8b-4d13-a1bf-10c91e48cec9-1232-0,,退款/售后页面，显示了多笔订单的退款信息，包括退款金额和退款成功的状态，属于退款页面,84337d85-1c8b-4d13-a1bf-10c91e48cec9-1232,退款页面
85966e97-9e73-4e30-809d-8980e234714e-1201-0,,退款/售后页面，显示了多笔订单的退款信息，包括退款金额等，这些元素都是典型的退款页面特征,85966e97-9e73-4e30-809d-8980e234714e-1201,退款页面
720070e3-838a-493d-863f-81a1c8a0cf82-1213-0,,显示了退款成功的通知、退款金额、退款原因（不想要了）以及相关商品信息。这些元素都是典型的退款信息,720070e3-838a-493d-863f-81a1c8a0cf82-1213,退款页面
a40cca65-5046-43b7-a3e6-0ded8a9dbd6b-1217-0,,显示了退款申请的详细信息，包括退款金额、退款原因和描述，以及退款成功的通知。这些元素都是典型的退款页面内容,a40cca65-5046-43b7-a3e6-0ded8a9dbd6b-1217,退款页面
aa7f12a4-76ae-40e1-9016-4a9ba25da430-1218-0,,显示了商品退款信息，包括商品名称、价格、以及可选的售后类型（维修和价保），属于退款页面,aa7f12a4-76ae-40e1-9016-4a9ba25da430-1218,退款页面
c3794fae-95dc-44cd-a616-4c0cf80a5eda-1195-0,,显示了退款申请的相关信息，包括服务类型、退款原因、退款金额、退货方式和上门时间等细节，这些都是典型的退款流程中会出现的内容,c3794fae-95dc-44cd-a616-4c0cf80a5eda-1195,退款页面
d2340b32-ebe2-44d5-954d-08fa9f876ebc-1197-0,,显示了退款成功的信息，包括退款金额、退款原因、交易详情等，这些都是典型的退款相关内容,d2340b32-ebe2-44d5-954d-08fa9f876ebc-1197,退款页面
d2905f57-12ef-448b-b3af-8090cf3a453c-1178-0,,显示了多笔退款相关信息，包括退款金额、退款状态，这些元素都是典型的退款页面特征,d2905f57-12ef-448b-b3af-8090cf3a453c-1178,退款页面
e5163c26-fd49-4623-af0f-1921dbff96e6-1220-0,,显示了退款信息，包括商品图片、退款原因（假冒品牌）、申请时间和退款金额等，属于退款页面,e5163c26-fd49-4623-af0f-1921dbff96e6-1220,退款页面
01f51fcf-81fd-4cb1-9ea9-3a39f15ee2cd-2192-0,,显示的是微信快递服务的界面，而不是淘宝或菜鸟等应用程序，属于外部APP截图,01f51fcf-81fd-4cb1-9ea9-3a39f15ee2cd-2192,外部APP截图
3bb68422-0c21-469c-94a5-ef8a82ff1c64-2262-0,,显示京东物流的快递追踪信息，而不是来自淘宝或菜鸟的应用程序，属于外部APP截图,3bb68422-0c21-469c-94a5-ef8a82ff1c64-2262,外部APP截图
5eb2a675-ad16-4100-9ca4-85c4438e9b89-2188-0,,来自一个社交媒体或新闻应用的截图，显示了新闻报导的内容和用户互动数据。它不属于淘宝或菜鸟APP，属于外部APP截图,5eb2a675-ad16-4100-9ca4-85c4438e9b89-2188,外部APP截图
6b514b95-87e8-4fde-9743-c910303b951c-2186-0,,手机通话记录截图，属于手机系统的界面，不属于淘宝或菜鸟APP,6b514b95-87e8-4fde-9743-c910303b951c-2186,外部APP截图
6e160286-525a-440b-900d-10821a889107-2187-0,,显示的是一个手机系统的双重认证界面，而不是来自于淘宝或菜鸟应用程序，属于外部APP截图,6e160286-525a-440b-900d-10821a889107-2187,外部APP截图
06ff5113-1a9b-4f2f-ade3-fda05b62a785-2229-0,,显示了一个手机应用程序的界面，这些特征通常出现在社交媒体或短视频平台的截图中，不属于淘宝或菜鸟APP,06ff5113-1a9b-4f2f-ade3-fda05b62a785-2229,外部APP截图
8aea813f-1df5-439c-9c4f-d549a0f1cffb-2191-0,,显示了百度应用的快递查询介面，而不是来自于淘宝或菜鸟的应用,8aea813f-1df5-439c-9c4f-d549a0f1cffb-2191,外部APP截图
16a4a2fb-71bb-421e-b517-138299f38718-2179-0,,显示的是手机系统的设置界面，包含了关于手机的详细信息，不来自于淘宝或菜鸟应用程序,16a4a2fb-71bb-421e-b517-138299f38718-2179,外部APP截图
67f95dc2-70d6-4006-9873-a048ced0f00d-2204-0,,微信支付的通知界面，这是非淘宝或菜鸟的应用程式截图,67f95dc2-70d6-4006-9873-a048ced0f00d-2204,外部APP截图
71cfa0b3-a184-4844-b223-adc281321cca-2249-0,,显示了一个应用程序介面，包含了摄像头画面、功能按钮和设置选项，这些元素通常出现在非购物或物流类的应用程式中，不来自于淘宝或菜鸟应用程序,71cfa0b3-a184-4844-b223-adc281321cca-2249,外部APP截图
79fd6d48-5c97-460f-8c98-4338cebc9a22-2225-0,,这张图是来自一个社交媒体或购物平台的截图，显示了一个关于淘宝88VIP生日礼物的帖子。由于这不是淘宝或菜鸟APP的界面，而是其他平台的内容，因此，属于外部APP截图,79fd6d48-5c97-460f-8c98-4338cebc9a22-2225,外部APP截图
353a679f-a540-4843-a7cc-de692543d2ef-2171-0,,显示的是微信快递服务的界面，而非淘宝或菜鸟APP,353a679f-a540-4843-a7cc-de692543d2ef-2171,外部APP截图
475b1ccc-6029-40f1-a70f-5091ca5ab1d9-2172-0,,显示的是一个非淘宝或菜鸟的应用程序的物流信息界面,475b1ccc-6029-40f1-a70f-5091ca5ab1d9-2172,外部APP截图
536dc81a-877f-4cad-aa6c-c5005e2edb59-2216-0,,显示的是一个非淘宝或菜鸟的应用程序的物流信息界面,536dc81a-877f-4cad-aa6c-c5005e2edb59-2216,外部APP截图
3664c91d-2d56-4a21-8c69-8d24d71b174e-2199-0,,显示一个不来自于淘宝或菜鸟APP的支付成功界面,3664c91d-2d56-4a21-8c69-8d24d71b174e-2199,外部APP截图
12898366-4375-405a-98d9-6ec0e1532d06-2259-0,,银行交易的截图，而不是淘宝或菜鸟应用程序，因此，属于外部APP截图,12898366-4375-405a-98d9-6ec0e1532d06-2259,外部APP截图
a75e2696-a266-4904-afb5-b3583078d5a2-2234-0,,截图不是直接来自淘宝或菜鸟应用,a75e2696-a266-4904-afb5-b3583078d5a2-2234,外部APP截图
b5a951b7-15d7-4a22-96c0-13a06420043d-2263-0,,手机短信界面的截图，不是来自淘宝或菜鸟应用程序,b5a951b7-15d7-4a22-96c0-13a06420043d-2263,外部APP截图
b5d6fe6c-fba7-4cb0-a7ae-d922aaf56d0e-2231-0,,显示的是一个类似于京东或拼多多的购物应用的界面，而不是淘宝或菜鸟的应用，属于外部APP截图,b5d6fe6c-fba7-4cb0-a7ae-d922aaf56d0e-2231,外部APP截图
bbd1aef4-193f-481a-8410-3b28f56807a9-2213-0,,微信快递服务，非淘宝或菜鸟的应用程序截图,bbd1aef4-193f-481a-8410-3b28f56807a9-2213,外部APP截图
bc16a906-d894-41c9-80b8-96a4b4045413-2236-0,,百度查询介面，显示圆通速递的查询截图，不是淘宝或菜鸟的应用,bc16a906-d894-41c9-80b8-96a4b4045413-2236,外部APP截图
c97adccc-3cd7-43ed-8e0e-0d20d43b9540-2200-0,,显示了一个支付或转账的界面，通常来自于支付应用或银行应用，而非淘宝或菜鸟平台的应用,c97adccc-3cd7-43ed-8e0e-0d20d43b9540-2200,外部APP截图
d44fdf62-d464-4774-a487-b96eb32363a4-2261-0,,显示了一个购物平台的界面，介面特征不是淘宝或菜鸟平台的界面，属于外部APP截图,d44fdf62-d464-4774-a487-b96eb32363a4-2261,外部APP截图
e99cc37c-fd38-4093-8bd8-7e8cbd7951bd-2246-0,,微信快递服务的截图，非淘宝或菜鸟应用的截图,e99cc37c-fd38-4093-8bd8-7e8cbd7951bd-2246,外部APP截图
f6dd31eb-b4be-4b9e-87d1-825a7395383a-2230-0,,非来自淘宝或菜鸟APP的购物应用程序界面,f6dd31eb-b4be-4b9e-87d1-825a7395383a-2230,外部APP截图
fb5c3677-896a-4ee2-af85-93efd9006868-2232-0,,显示一个非来自淘宝或菜鸟应用程序快递查询界面,fb5c3677-896a-4ee2-af85-93efd9006868-2232,外部APP截图
fe2871dc-954b-43c7-bfca-13f8c3e5fab8-2183-0,,非来自淘宝或菜鸟应用程序的对话纪录,fe2871dc-954b-43c7-bfca-13f8c3e5fab8-2183,外部APP截图
0ba17b19-944a-40f3-99f5-68ba51e555a1-2106-0,平台介入页面,平台介入详情介面，显示平台客服正在处理的状态，并提供了预计完成时间，这些都是平台介入处理过程中的常见元素,0ba17b19-944a-40f3-99f5-68ba51e555a1-2106,平台介入页面
0bdc3087-b7c2-4701-9954-7a7ac4cba818-2113-0,,显示平台介入处理订单的过程，包括催发货的进度和平台客服的处理记录，这些都是平台介入的典型特征,0bdc3087-b7c2-4701-9954-7a7ac4cba818-2113,平台介入页面
2f50d539-d6fe-45d5-80d8-dc5fffc0db89-2094-0,,平台介入详情页面，显示了平台客服介入处理的进度和细节，包括退货申请、取件时间调整等信息，这些都是平台介入处理的常见内容,2f50d539-d6fe-45d5-80d8-dc5fffc0db89-2094,平台介入页面
6a53ce29-c094-4421-8fbe-8d516f2d0254-2134-0,,显示了平台客服已经介入处理的状态,6a53ce29-c094-4421-8fbe-8d516f2d0254-2134,平台介入页面
8dbaf4d1-bda0-4e8b-8211-c0005d639f0f-2142-0,,平台介入详情页面，显示了平台客服介入处理的进度和相关信息,8dbaf4d1-bda0-4e8b-8211-c0005d639f0f-2142,平台介入页面
63c96839-3860-4851-9f8d-67453edfa297-2110-0,,平台介入详情页面截图，显示了平台客服正在加急处理的通知，这些都是平台介入处理的典型特征 ,63c96839-3860-4851-9f8d-67453edfa297-2110,平台介入页面
993d380c-36ec-4c9b-b815-ce10a57fcb4b-2156-0,,催发货页面，显示了平台介入处理的进度，包括订单退款成功的通知和客服处理的详细过程，属于平台介入页面,993d380c-36ec-4c9b-b815-ce10a57fcb4b-2156,平台介入页面
53175fac-4bfb-4746-92b4-74b7d1034503-2155-0,,显示了平台客服介入处理的过程，包括申诉请求、分配处理时间和退款信息等细节，属于平台介入页面类别,53175fac-4bfb-4746-92b4-74b7d1034503-2155,平台介入页面
102547f3-6924-4737-b62f-86abb80a8327-2111-0,,显示了平台客服已经介入并处理了发货问题的过程，属于平台介入页面类别,102547f3-6924-4737-b62f-86abb80a8327-2111,平台介入页面
5952745b-40b3-4948-b228-d1805cd17d31-2093-0,,催发货进度介面，显示了平台客服正在处理的介入详情，属于平台介入页面,5952745b-40b3-4948-b228-d1805cd17d31-2093,平台介入页面
90545848-670d-41b8-a399-881d921bcdca-2136-0,,平台介入详情页面,90545848-670d-41b8-a399-881d921bcdca-2136,平台介入页面
c00e6fe3-d61a-4ae0-a958-61cd38fe2cfe-2116-0,,显示了一个进度页面，包含平台介入处理的内容，属于平台介入页面,c00e6fe3-d61a-4ae0-a958-61cd38fe2cfe-2116,平台介入页面
c0f18aba-a1d6-4a74-b77c-13294e469ea4-2140-0, ,显示了一个平台介入处理的页面，因为它包含了投诉信息和平台对卖家的处理说明，提到卖家存在违约行为，并且平台正在处理相关问题，这符合平台客服介入处理的情况,c0f18aba-a1d6-4a74-b77c-13294e469ea4-2140,平台介入页面
ce21e90b-a7c3-4cd6-b6a2-faac51f4d778-2115-0,,显示了平台客服正在处理退款问题的进度详情。图中有关于客服加急处理的通知和催促记录，这些都是平台介入处理的典型特征,ce21e90b-a7c3-4cd6-b6a2-faac51f4d778-2115,平台介入页面
d4d2f596-6276-4cc5-a86f-87ff17ae9814-2161-0,,显示包裹揽收的相关进度，当物流问题未在约定时间内解决，平台会主动介入处理揽收，因此，图片属于平台介入页,d4d2f596-6276-4cc5-a86f-87ff17ae9814-2161,平台介入页面
e52bdf0e-cc38-4a9b-9777-6e3a3fda5aaa-2125-0,,显示了一个退款/售后的界面，其中提到“客服小二介入处理中”，这表明平台客服正在处理相关问题，属于平台介入页面,e52bdf0e-cc38-4a9b-9777-6e3a3fda5aaa-2125,平台介入页面
1c9ca951-246b-4774-9cc6-c4e49fbaf50a-2010-0,投诉举报页面,显示了有关投诉的详细信息，包括被投诉企业的信息、投诉的详细情况、消费金额、投诉问题类型以及投诉内容等。这些元素都是典型的投诉或举报页面的特征,1c9ca951-246b-4774-9cc6-c4e49fbaf50a-2010,投诉举报页面
03ab7593-a6dc-40ed-b2e0-176f70c57994-2006-0,,显示了用户可以对卖家进行投诉的选项，并且有“申请投诉”按钮，这表明用户正在查看或处理与购买商品相关的问题，属于投诉举报页面,03ab7593-a6dc-40ed-b2e0-176f70c57994-2006,投诉举报页面
3ae1717d-a9fe-47af-924b-36f009b4efc2-2089-0,,显示了有关投诉的详细信息，这些都是典型的投诉或举报页面信息，属于投诉举报页面,3ae1717d-a9fe-47af-924b-36f009b4efc2-2089,投诉举报页面
4c0c7992-3599-4e12-8132-ccdeeacba397-2066-0,,投诉详情介面，显示了投诉的详细进度，属于投诉举报页面,4c0c7992-3599-4e12-8132-ccdeeacba397-2066,投诉举报页面
5d8ace75-ce64-4db9-b6ba-d7dd5db1909d-2087-0,,显示了用户对电商平台的投诉详情，属于投诉举报页面,5d8ace75-ce64-4db9-b6ba-d7dd5db1909d-2087,投诉举报页面
7a99ac5a-01ff-435f-be86-2efbb8af49c2-2048-0,,显示了投诉处理结果的详细信息，包括平台客服的判决、赔偿金额、投诉成立的原因（虚假发货），以及相关的商品和订单信息。这些元素都是典型的投诉或举报处理界面特征,7a99ac5a-01ff-435f-be86-2efbb8af49c2-2048,投诉举报页面
8e745837-7749-4f39-afd0-82f7977ded8d-2074-0,,显示了一个投诉处理的进度，包含投诉判决，投诉成立，属于投诉举报页面,8e745837-7749-4f39-afd0-82f7977ded8d-2074,投诉举报页面
23dc015d-abbc-4321-9c92-1a8145ef4c5e-2051-0,,显示了用户对交易的投诉结果，包括满意度评价选项、举报详情、交易方式、资金损失等信息，这些都是典型的投诉或举报界面元素,23dc015d-abbc-4321-9c92-1a8145ef4c5e-2051,投诉举报页面
67f831cb-eed7-40b8-978a-737f47bb4ca6-2056-0,,显示了用户在平台上提交的举报详情，包括举报时间、损失金额、事件过程等信息，这些都是典型的投诉或举报内容,67f831cb-eed7-40b8-978a-737f47bb4ca6-2056,投诉举报页面
80c279c3-dd7e-460a-89e8-d31ff835c77f-2058-0,,显示了用户对卖家的投诉进度详情，包括卖家拒绝履行承诺的情况，属于投诉举报页面,80c279c3-dd7e-460a-89e8-d31ff835c77f-2058,投诉举报页面
088ccad5-f34e-4910-9496-0c1f04e3a954-2033-0,,投诉详情介面，显示了投诉处理的结果，包括平台的判决、赔偿金额，以及投诉的具体信息，属于投诉举报页面,088ccad5-f34e-4910-9496-0c1f04e3a954-2033,投诉举报页面
892eb5d1-922f-4aee-9c20-5fa5a91fcc85-2014-0,,显示了举报的详细信息，包括举报编号、时间、违规类型、事件过程等内容，属于投诉举报页面,892eb5d1-922f-4aee-9c20-5fa5a91fcc85-2014,投诉举报页面
973a8639-e484-4602-8e5d-61c5354d2d8a-1999-0,,显示了用户对卖家的投诉信息，包括投诉原因、平台客服的处理结果，以及退款金额等细节，属于投诉举报页面,973a8639-e484-4602-8e5d-61c5354d2d8a-1999,投诉举报页面
2931d195-fed5-4ea7-8c90-8b14e6aff083-2091-0,,显示一个投诉成立的页面，属于投诉举报页面,2931d195-fed5-4ea7-8c90-8b14e6aff083-2091,投诉举报页面
8238b586-5f58-4506-bd52-7f173569ae67-2085-0,,图中显示了“撤诉”按钮，这通常出现在用户进行投诉或举报的界面,8238b586-5f58-4506-bd52-7f173569ae67-2085,投诉举报页面
220448c7-4a32-4f2a-933d-a00acd303f5b-2080-0,,投诉详情介面，显示了投诉的详细进度,220448c7-4a32-4f2a-933d-a00acd303f5b-2080,投诉举报页面
702302ea-ddc6-4fef-b856-2d7cddd80771-2023-0,,显示了用户对卖家的投诉详情，包括投诉原因（缺货/发不了货/拒绝发货）和平台的处理结果（退款47.64元）。这些信息通常出现在投诉或纠纷解决的界面中,702302ea-ddc6-4fef-b856-2d7cddd80771-2023,投诉举报页面
4152668e-f897-42f2-ab94-75cc545d96d0-2022-0,,投诉详情介面，显示了投诉的详细进度，属于投诉举报页面,4152668e-f897-42f2-ab94-75cc545d96d0-2022,投诉举报页面
a6d644d8-de53-4262-a15d-993eb8af76c1-2001-0,,投诉详情介面，显示了投诉的详细进度，属于投诉举报页面,a6d644d8-de53-4262-a15d-993eb8af76c1-2001,投诉举报页面
bac98933-9787-47f0-8217-9900384e754a-2038-0,,投诉详情介面，显示了投诉的详细进度，属于投诉举报页面,bac98933-9787-47f0-8217-9900384e754a-2038,投诉举报页面
c83e0f70-0f36-422e-97bb-fc9c9a1fb18a-2008-0,,显示了用户对卖家的投诉处理进度，属于投诉举报页面,c83e0f70-0f36-422e-97bb-fc9c9a1fb18a-2008,投诉举报页面
c225fe7f-c2de-4af0-abc7-3f5b717cc7b7-2025-0,,显示了一个投诉处理进度的界面，包含了关于缺货或拒绝发货的投诉信息，属于投诉举报页面,c225fe7f-c2de-4af0-abc7-3f5b717cc7b7-2025,投诉举报页面
caafc507-8f92-4cb6-a675-2a3db22605dd-2020-0,,显示消费者投诉相关信息，包括争议发生时间、投诉类型等细节，是典型的投诉或举报页面,caafc507-8f92-4cb6-a675-2a3db22605dd-2020,投诉举报页面
cd7464ac-a20a-4cff-8035-ff5df8c763bc-2030-0,,我的投诉介面，并包含“撤诉”、“材料追加”等选项，属于投诉举报页面,cd7464ac-a20a-4cff-8035-ff5df8c763bc-2030,投诉举报页面
d6ba1584-2b02-4390-a46e-b804c45e3ac1-2070-0,,投诉详情介面，显示了有关投诉的详细信息，属于投诉举报页面,d6ba1584-2b02-4390-a46e-b804c45e3ac1-2070,投诉举报页面
da1e1214-181b-43c0-a04a-f9d41284cd5c-2052-0,,投诉卖家介面，属于投诉举报页面,da1e1214-181b-43c0-a04a-f9d41284cd5c-2052,投诉举报页面
e416713b-69f9-4ef7-b162-eff6cead6820-2081-0,,投诉详情页面，显示投诉的详细进度，属于投诉举报页面,e416713b-69f9-4ef7-b162-eff6cead6820-2081,投诉举报页面
f6e16a4c-0a5f-4824-b7e0-616cd8ac9f8a-2027-0,,投诉详情页面，显示投诉的详细进度，属于投诉举报页面,f6e16a4c-0a5f-4824-b7e0-616cd8ac9f8a-2027,投诉举报页面
fde410ef-7597-4eee-8ad1-15a9903446db-2031-0,,显示投诉的详细进度，属于投诉举报页面,fde410ef-7597-4eee-8ad1-15a9903446db-2031,投诉举报页面
1bfa2cca-25cf-4a0f-b691-07c66aa0ad7d-72-0,实物拍摄(含售后),显示一个实物拍摄的场景,1bfa2cca-25cf-4a0f-b691-07c66aa0ad7d-72,实物拍摄(含售后)
01ed7210-e15a-407c-96e1-5067b254cbf5-73-0,,显示一个实物拍摄的场景,01ed7210-e15a-407c-96e1-5067b254cbf5-73,实物拍摄(含售后)
2a9d065c-d999-450c-81eb-de4c05a5fbda-51-0,,显示一个实物拍摄的场景,2a9d065c-d999-450c-81eb-de4c05a5fbda-51,实物拍摄(含售后)
6b5f99a5-bdfb-4a29-af20-41d7f4f586c1-95-0,,显示一个实物拍摄的场景,6b5f99a5-bdfb-4a29-af20-41d7f4f586c1-95,实物拍摄(含售后)
7afaf161-f5a0-46a1-9b0b-d9580d515309-71-0,,显示一个实物拍摄的场景,7afaf161-f5a0-46a1-9b0b-d9580d515309-71,实物拍摄(含售后)
8a19a839-3225-4bf2-9090-0ab935e41e3c-69-0,,显示一个实物拍摄的场景,8a19a839-3225-4bf2-9090-0ab935e41e3c-69,实物拍摄(含售后)
009c152a-ade3-42d4-8d45-b5031b847b05-30-0,,显示一个实物拍摄的场景,009c152a-ade3-42d4-8d45-b5031b847b05-30,实物拍摄(含售后)
16da1be7-ea58-4743-b857-2ff29964f057-68-0,,显示一个实物拍摄的场景,16da1be7-ea58-4743-b857-2ff29964f057-68,实物拍摄(含售后)
18e19810-8472-4b55-917a-4f0a9eaab3cc-53-0,,显示一个实物拍摄的场景,18e19810-8472-4b55-917a-4f0a9eaab3cc-53,实物拍摄(含售后)
19c1964c-5f1b-41b3-98fe-405a987e9358-8-0,,显示一个实物拍摄的场景,19c1964c-5f1b-41b3-98fe-405a987e9358-8,实物拍摄(含售后)
35fc0920-7060-439a-8f68-2e624e079db4-32-0,,显示一个实物拍摄的场景,35fc0920-7060-439a-8f68-2e624e079db4-32,实物拍摄(含售后)
79d8d9a2-34d3-4014-bf83-78a79a912187-38-0,,显示一个实物拍摄的场景,79d8d9a2-34d3-4014-bf83-78a79a912187-38,实物拍摄(含售后)
269dbf65-42f6-4c3c-8848-8a5c3029c09f-61-0,,显示一个实物拍摄的场景,269dbf65-42f6-4c3c-8848-8a5c3029c09f-61,实物拍摄(含售后)
7581f3db-a85f-43e9-81fc-b5351a792c34-13-0,,显示一个实物拍摄的场景,7581f3db-a85f-43e9-81fc-b5351a792c34-13,实物拍摄(含售后)
a7ef661b-7bd9-41f1-b1fe-b99609d60c95-82-0,,显示一个实物拍摄的场景,a7ef661b-7bd9-41f1-b1fe-b99609d60c95-82,实物拍摄(含售后)
a7503780-b869-4cb0-bc4b-e8b1ef00c140-6-0,,显示一个实物拍摄的场景,a7503780-b869-4cb0-bc4b-e8b1ef00c140-6,实物拍摄(含售后)
b2474f88-1cb8-4489-aa87-32481a4596e0-74-0,,显示一个实物拍摄的场景,b2474f88-1cb8-4489-aa87-32481a4596e0-74,实物拍摄(含售后)
c2f88131-8243-4892-81d2-9a44cd6787b8-50-0,,显示一个实物拍摄的场景,c2f88131-8243-4892-81d2-9a44cd6787b8-50,实物拍摄(含售后)
d014c183-c916-4c92-b621-6e2107f09fe3-88-0,,显示一个实物拍摄的场景,d014c183-c916-4c92-b621-6e2107f09fe3-88,实物拍摄(含售后)
de633158-7a70-4604-a338-da59c3c625f1-45-0,,显示一个实物拍摄的场景,de633158-7a70-4604-a338-da59c3c625f1-45,实物拍摄(含售后)
e3538419-50bf-4419-91df-6aba7e7c561f-20-0,,显示一个实物拍摄的场景,e3538419-50bf-4419-91df-6aba7e7c561f-20,实物拍摄(含售后)
f8500a2b-97d0-4fc1-aaf9-14b6f0871d4c-9-0,,显示一个实物拍摄的场景,f8500a2b-97d0-4fc1-aaf9-14b6f0871d4c-9,实物拍摄(含售后)
fa7e1623-3fcf-422f-90dc-8c7c3b2beea9-97-0,,显示一个实物拍摄的场景,fa7e1623-3fcf-422f-90dc-8c7c3b2beea9-97,实物拍摄(含售后)
0cadcd56-926b-4b9f-ac1f-963dee2e7164-872-0,评论区截图页面,评论区的截图，显示了用户对商品的评价，属于评论区截图页面,0cadcd56-926b-4b9f-ac1f-963dee2e7164-872,评论区截图页面
1f24c502-05db-4762-8896-3670cffc08a0-845-0, ,主要展示了一个用户在购物平台上的评论，属于评论区截图页面,1f24c502-05db-4762-8896-3670cffc08a0-845,评论区截图页面
4b4816f0-8f7b-43a1-9fc3-4fce189bd83b-809-0,,显示了用户对商品的评价和图片上传界面，属于评论区截图页面,4b4816f0-8f7b-43a1-9fc3-4fce189bd83b-809,评论区截图页面
5ace6850-d526-462d-8e23-c5a340f503e5-843-0,,显示了用户在购物平台上的评价内容，属于评论区截图页面,5ace6850-d526-462d-8e23-c5a340f503e5-843,评论区截图页面
5de5b47a-b0fb-466f-9b2f-9c6fe311e597-876-0,,显示了用户在平台上的评论和反馈。图中有用户对商品的评价文字和商品图片，典型的评论区内容,5de5b47a-b0fb-466f-9b2f-9c6fe311e597-876,评论区截图页面
06c981d3-a3f4-4db2-b8f3-35326b45340c-893-0,,显示了用户对商品的评价，包括尺码感受、物流速度、面料质量等方面的文字评论和星级评分，属于评论区截图页面,06c981d3-a3f4-4db2-b8f3-35326b45340c-893,评论区截图页面
9e7b7c63-e01f-4193-966e-b13801edd89c-889-0,,展示了用户对商品的评价，属于评论区截图页面,9e7b7c63-e01f-4193-966e-b13801edd89c-889,评论区截图页面
010c8954-496b-47e0-9797-00469e1edbba-859-0,,显示用户待发布的商品评论内容，属于评论区截图页面,010c8954-496b-47e0-9797-00469e1edbba-859,评论区截图页面
78ef18db-e5f1-4718-9ae8-25c59d35780c-838-0,,位于评价页面，显示用户对产品的评价和评分信息，属于评论区截图页面,78ef18db-e5f1-4718-9ae8-25c59d35780c-838,评论区截图页面
162d74bf-cce2-4ec8-8f5c-2f40031a6d90-878-0,,主要显示了用户在购物平台上的评论和反馈,162d74bf-cce2-4ec8-8f5c-2f40031a6d90-878,评论区截图页面
791d5e13-2643-40b4-83f9-e87784589fec-888-0,,显示了用户在平台上的评价内容，属于评论区截图页面 ,791d5e13-2643-40b4-83f9-e87784589fec-888,评论区截图页面
3342ac5b-658f-4416-ad91-07b590104470-825-0,,显示了用户在的评价页面，属于评论区截图页面,3342ac5b-658f-4416-ad91-07b590104470-825,评论区截图页面
35313eed-59cf-4c6b-a458-0e02af097fbf-852-0,,显示了用户在购物平台上的评价信息，包括评价日期、商品信息和评价内容等，这些都是典型的评论区内容,35313eed-59cf-4c6b-a458-0e02af097fbf-852,评论区截图页面
21460954-6301-4cae-8f4c-0f42c1fdf2ea-800-0,,显示了待评价界面，包含待评价的商品列表和评价按钮，这些都是典型的评论区特征,21460954-6301-4cae-8f4c-0f42c1fdf2ea-800,评论区截图页面
37555678-c753-458e-96c4-855fe6b73c15-875-0,,显示用户对产品的评价，包括文字评论和星级评分，属于评论区截图页面,37555678-c753-458e-96c4-855fe6b73c15-875,评论区截图页面
49510226-7f40-42fe-914f-c6feb951e809-806-0,,展示了用户在应用程序内的评论和评价信息，属于评论区截图页面,49510226-7f40-42fe-914f-c6feb951e809-806,评论区截图页面
c57cbab9-dfac-41d3-9f61-5cc8e6d87421-890-0,,展示了用户对商品的评价，包括文字评论、图片、评分等信息，属于评论区截图页面,c57cbab9-dfac-41d3-9f61-5cc8e6d87421-890,评论区截图页面
c341d43e-8e00-44b7-93a1-8b47d38d5d52-896-0,,显示了用户对商品的评价，包括文字评论和星级评分，属于评论区截图页面,c341d43e-8e00-44b7-93a1-8b47d38d5d52-896,评论区截图页面
e73b9a3c-f2cd-4693-aebc-00bcfd92fe76-826-0,,显示了用户对商品的评价和图片，属于评论区截图页面,e73b9a3c-f2cd-4693-aebc-00bcfd92fe76-826,评论区截图页面
e4690dd2-0793-42c3-aa58-2200c2e675c9-813-0,,主要显示了用户对商品的评论和评价，典型的评论区内容,e4690dd2-0793-42c3-aa58-2200c2e675c9-813,评论区截图页面
ef23d7c8-58a8-45a1-9689-ec119f6c86f7-804-0,,展示了用户对产品的评价和分享选项，属于评论区截图页面,ef23d7c8-58a8-45a1-9689-ec119f6c86f7-804,评论区截图页面
f64c7788-b98b-4557-97d3-dabeff4b12ed-863-0,,显示了在购物平台上的用户评论，包括用户对产品的评价和图片，这是典型的评论区内容,f64c7788-b98b-4557-97d3-dabeff4b12ed-863,评论区截图页面
fb2b4c2c-10aa-4184-b440-9bb895d2a52b-810-0,,主要显示了用户对商品的评论页面,fb2b4c2c-10aa-4184-b440-9bb895d2a52b-810,评论区截图页面
1b52b2e1-1454-4fac-8cef-54ffeb9ddea9-1577-0,店铺页面,显示了店铺 logo、粉丝数量、商品列表，典型的店铺页面特征,1b52b2e1-1454-4fac-8cef-54ffeb9ddea9-1577,店铺页面
3e2596bd-2589-40cc-a762-6bf4a7b19b36-1530-0,,显示了店铺的基本信息和评价，包括综合体验、物流速度、服务保障、店铺人气等指标，这些都是典型的店铺页面特征,3e2596bd-2589-40cc-a762-6bf4a7b19b36-1530,店铺页面
3f06a42f-4108-400b-9b81-8dd7c341fa8a-1576-0,,图中包含了店铺logo、粉丝数量、商品分类、热门搜索标签，都是典型的店铺页面特征,3f06a42f-4108-400b-9b81-8dd7c341fa8a-1576,店铺页面
6f59b27a-2321-45aa-b0f3-b245d19d1883-1591-0,,显示了店铺 logo、粉丝数量、品牌服务承诺，都是典型的店铺页面特征,6f59b27a-2321-45aa-b0f3-b245d19d1883-1591,店铺页面
9c13f901-de8a-47bd-b1ea-8c1c60b796bc-1575-0,,显示了店铺名称、粉丝数量、商品推荐和分类选项，都是典型的店铺页面元素,9c13f901-de8a-47bd-b1ea-8c1c60b796bc-1575,店铺页面
451f0809-750c-4982-8c9f-ddc2de7bfbc2-1562-0,,包含多个店铺的名称、图片、距离和服务费用等信息，属于店铺页面类别,451f0809-750c-4982-8c9f-ddc2de7bfbc2-1562,店铺页面
1226d62e-990b-4fa9-9696-ff7b73140fd7-1588-0,,显示了店铺 logo、粉丝数量与该品牌的产品促销信息，这些都是典型的店铺页面元素,1226d62e-990b-4fa9-9696-ff7b73140fd7-1588,店铺页面
2234a5ad-2d5d-4e8c-9109-3e0b8c2eaa25-1567-0,,显示了店铺粉丝数量、综合体验、宝贝质量、物流速度、服务保障等店铺评分内容，属于店铺页面 ,2234a5ad-2d5d-4e8c-9109-3e0b8c2eaa25-1567,店铺页面
3011e898-e4e8-4b87-aa4f-d3b57819e0f6-1543-0,,显示了店铺粉丝数量、综合体验、商品体验、物流体验、服务体验等店铺评分内容，也显示店铺人气，这些都是典型的店铺页面信息,3011e898-e4e8-4b87-aa4f-d3b57819e0f6-1543,店铺页面
64530e53-e4ff-43ef-93e8-7ef5a48b63df-1565-0,,显示了店铺综合体验、宝贝质量、服务保障等店铺评分内容，这些都是典型的店铺页面信息,64530e53-e4ff-43ef-93e8-7ef5a48b63df-1565,店铺页面
82590d54-804c-46c8-992b-eea2c9db38be-1560-0,,显示了店铺 logo、粉丝数量，还有 “10年老店”、“商品体验优秀”等 标签，这些都是典型的店铺页面信息,82590d54-804c-46c8-992b-eea2c9db38be-1560,店铺页面
2804461f-3641-4f5e-bab1-cc6eb20014bc-1551-0,,显示了一个店铺的商品列表，属于店铺页面,2804461f-3641-4f5e-bab1-cc6eb20014bc-1551,店铺页面
61275987-c624-4d79-9d2e-86b2c2b924fa-1580-0,,显示了店铺粉丝数量与综合体验、宝贝质量、服务保障等店铺评分内容，这些都是典型的店铺页面信息,61275987-c624-4d79-9d2e-86b2c2b924fa-1580,店铺页面
a88ef4f9-ddbf-42df-9e0d-3f0b3635e627-1579-0,,显示了店铺粉丝数量、店铺人气，也有综合体验、宝贝质量、物流速度、服务保障等店铺评分内容，都是典型的店铺页面信息,a88ef4f9-ddbf-42df-9e0d-3f0b3635e627-1579,店铺页面
a700b5c4-892c-4be1-8e8e-369c51e8372f-1528-0,,显示了店铺 log、粉丝数量，还有综合体验、宝贝质量、物流速度、服务保障等店铺评分内容，这些都是典型的店铺页面信息,a700b5c4-892c-4be1-8e8e-369c51e8372f-1528,店铺页面
a1141cb2-bd6e-4002-b613-6e55c26a2776-1568-0,,主要显示了店铺的首页截图，包括店铺名称、商品促销信息，这些都是典型的店铺页面元素,a1141cb2-bd6e-4002-b613-6e55c26a2776-1568,店铺页面
a0056835-c4c8-4e4d-aa94-16bdda3977b3-1566-0,,显示了店铺logo、粉丝量，这些通常出现在店铺页面中,a0056835-c4c8-4e4d-aa94-16bdda3977b3-1566,店铺页面
ab7eb681-39b1-4f17-89e3-42a027a500b4-1583-0,,显示了一个网上商店的首页截图，包括品牌标志、产品信息等,ab7eb681-39b1-4f17-89e3-42a027a500b4-1583,店铺页面
af8573d9-7d01-47d0-b410-26d5a1edaa9e-1533-0,,显示了一个网上商店的首页截图。图中包含了商品推荐、热搜标签、销量榜等典型的店铺信息,af8573d9-7d01-47d0-b410-26d5a1edaa9e-1533,店铺页面
b7c6b090-a441-478f-a008-3273ed1574b5-1513-0,,显示了一个网上商店的首页截图。图中包含商品推荐、价格、销量排名等典型的店铺信息，这些都是店铺页面的常见特征,b7c6b090-a441-478f-a008-3273ed1574b5-1513,店铺页面
baec444a-65cf-4c26-82a4-32553361e11a-1569-0,,显示了店铺的首页截图，包括店铺logo、粉丝数量、店铺促销信息，这些都是典型的店铺页面特征,baec444a-65cf-4c26-82a4-32553361e11a-1569,店铺页面
c14cf9b6-1490-4bb9-944b-5b5fb0d96af6-1545-0,,显示店铺的基本信息和操作选项，如“进入店铺”和“联系客服”按钮，这些元素通常出现在店铺页面,c14cf9b6-1490-4bb9-944b-5b5fb0d96af6-1545,店铺页面
e7a3565c-a077-4497-8b23-707ae7d16236-1517-0,,展示了商品列表、店铺粉丝数，这些都是典型的店铺首页特征,e7a3565c-a077-4497-8b23-707ae7d16236-1517,店铺页面
edd59034-bc94-435a-8cf2-1d281fa62fd9-1561-0,,显示了商品推荐、促销信息、热门搜索标签和销量排行榜等典型的店铺首页元素,edd59034-bc94-435a-8cf2-1d281fa62fd9-1561,店铺页面
ee1f31df-bdf1-4c3b-922b-c434e86d0757-1537-0,,显示了店铺名称、粉丝数量、商品列表和价格等信息，这些都是典型的店铺首页元素,ee1f31df-bdf1-4c3b-922b-c434e86d0757-1537,店铺页面
f1bfd8e6-6194-475d-8eb4-d49d30656f3b-1553-0,,显示了一个店铺截图，包括店铺等级、粉丝数、好评率等信息，以及店铺热门商品销量排行榜。这些元素都是典型的店铺首页特征,f1bfd8e6-6194-475d-8eb4-d49d30656f3b-1553,店铺页面
f051c9bd-513e-488d-bf6f-2b4d61e390b3-1564-0,,显示了店铺 logo、商品列表，这些都是典型的店铺页面特征,f051c9bd-513e-488d-bf6f-2b4d61e390b3-1564,店铺页面
2e8a6865-9924-456e-a1c7-27a26de07a25-1130-0,物流页面-物流异常页面,退货物流介面，弹出提示 “该运单号为物流拦截已退回的运单号，请上传本次寄出的运单号“，表明用户输入的运单号有问题，属于物流异常页面,2e8a6865-9924-456e-a1c7-27a26de07a25-1130,物流页面-物流异常页面
4eb8ccf4-aa5c-4925-80da-127d673648f8-1129-0,,最近一则物流信息显示 “物流异常提醒” 标记，表示包裹在运输过程中出现了问题，属于物流异常页面,4eb8ccf4-aa5c-4925-80da-127d673648f8-1129,物流页面-物流异常页面
38fad2d0-c5f7-4784-b57e-64ea235bc26a-1060-0,,最近一则物流信息显示物流异常问题的处理信息。画面中提到物流状况未完全恢复，卖家已补发商品，并包含处理进度的详细说明，这些都是物流异常的典型特征,38fad2d0-c5f7-4784-b57e-64ea235bc26a-1060,物流页面-物流异常页面
48df4518-9d99-45eb-abce-4b177f81c6fc-1048-0,,物流最近一则信息显示退货包裹在运输中出现异常的通知，这是典型的物流异常信息,48df4518-9d99-45eb-abce-4b177f81c6fc-1048,物流页面-物流异常页面
57e5233a-b270-448d-acae-a8208239a191-1091-0,,物流信息显示退货包裹被卖家拒收的信息，这属于物流异常情况,57e5233a-b270-448d-acae-a8208239a191-1091,物流页面-物流异常页面
263abd76-bf04-4872-8b7a-2f442ea50e0d-1136-0,,物流最近一则信息显示了物流异常提醒，指出无法联系收件人且派送地址无人接收快件的信息。这些信息符合物流异常页面的特征,263abd76-bf04-4872-8b7a-2f442ea50e0d-1136,物流页面-物流异常页面
3456c2c0-fb57-4c43-8700-b9d3e382ea29-1134-0,,物流最近一则信息显示了配送延迟提醒，这是典型的物流异常情况,3456c2c0-fb57-4c43-8700-b9d3e382ea29-1134,物流页面-物流异常页面
9241f6d8-0ab7-47a9-9bd9-f7db76925630-1111-0,,物流最近一则信息显示了物流异常提醒的信息，典型的物流异常情况,9241f6d8-0ab7-47a9-9bd9-f7db76925630-1111,物流页面-物流异常页面
74106cd8-d76b-459c-84c2-63b90742cde0-1088-0,,物流异常提醒显示物流派送不成功的通知，这是典型的物流异常情况,74106cd8-d76b-459c-84c2-63b90742cde0-1088,物流页面-物流异常页面
98451e05-bb5f-44e4-b6e1-aeb9dfe93f7a-1131-0,,显示了由于卖家未能按时发货而提供的补偿信息，这是典型的物流异常情况,98451e05-bb5f-44e4-b6e1-aeb9dfe93f7a-1131,物流页面-物流异常页面
794235dc-75ba-402f-b432-05275efcf5bc-1073-0,,最近一则信息显示物流异常,794235dc-75ba-402f-b432-05275efcf5bc-1073,物流页面-物流异常页面
a01b6980-00db-42fb-8aad-f8ef308bf903-1098-0,,最近一则信息显示物流异常提醒,a01b6980-00db-42fb-8aad-f8ef308bf903-1098,物流页面-物流异常页面
a2f54711-a3d3-4bba-8b5f-238489245082-1094-0,,最近一则信息显示物流异常提醒,a2f54711-a3d3-4bba-8b5f-238489245082-1094,物流页面-物流异常页面
abe6b262-09e1-4af4-a9ee-5938073f786c-1110-0,,最近一则信息显示物流异常提醒,abe6b262-09e1-4af4-a9ee-5938073f786c-1110,物流页面-物流异常页面
b8f81169-0565-4cfe-99e1-a91d7bbb156b-1086-0,,最近一则信息显示物流异常提醒,b8f81169-0565-4cfe-99e1-a91d7bbb156b-1086,物流页面-物流异常页面
b71c149f-3a8d-4d61-9bb2-049d5ec55d2e-1061-0,,最近一则信息显示配送异常提醒，这是典型的物流异常情况,b71c149f-3a8d-4d61-9bb2-049d5ec55d2e-1061,物流页面-物流异常页面
b92cecf0-63e1-4131-a438-580b97baed1d-1095-0,,最近一则信息显示了一个物流页面，其中包含“退货返回”和“您的订单拦截失败”等信息，这些都属于物流异常的情况,b92cecf0-63e1-4131-a438-580b97baed1d-1095,物流页面-物流异常页面
b337e87d-7407-4d35-b1f7-702319384610-1087-0,,最近一则信息显示物流异常提醒的信息,b337e87d-7407-4d35-b1f7-702319384610-1087,物流页面-物流异常页面
bd9a7ba4-d11a-4758-9d7e-2ca267001df4-1117-0,,页面主要内容为物流异常物体处理，属于物流异常页面 ,bd9a7ba4-d11a-4758-9d7e-2ca267001df4-1117,物流页面-物流异常页面
bee7b055-9a5e-499c-9ec8-afbb1890e2a4-1063-0,,显示了包裹退回的提醒信息，图中提到“因商家发起拦截，包裹已退回”，这是典型的物流异常情况,bee7b055-9a5e-499c-9ec8-afbb1890e2a4-1063,物流页面-物流异常页面
c506a4df-85d8-4fc3-a4a4-ea08090e6318-1081-0,,最近一则信息显示物流异常提醒的信息,c506a4df-85d8-4fc3-a4a4-ea08090e6318-1081,物流页面-物流异常页面
d1e0bf81-b361-421e-bf61-77683208c199-1067-0,,最近一则信息显示物流异常提醒的信息,d1e0bf81-b361-421e-bf61-77683208c199-1067,物流页面-物流异常页面
f13dd085-9ee4-495a-ba91-bda94eedbb85-1051-0,,最近一则信息显示物流异常提醒的信息,f13dd085-9ee4-495a-ba91-bda94eedbb85-1051,物流页面-物流异常页面
0b553c5f-1855-420b-a080-fb32c61d781e-999-0,物流页面-物流跟踪页面,显示了包裹的运输路径和状态更新，包括发货、派送中、异常提醒等信息，这些都是物流跟踪页面的典型特征,0b553c5f-1855-420b-a080-fb32c61d781e-999,物流页面-物流跟踪页面
0dc328b9-4905-47bf-98bd-dae3077c509f-993-0,,显示了包裹的运输路径和时间节点，包括包裹到达和离开不同地点的详细信息，这是典型的物流跟踪信息,0dc328b9-4905-47bf-98bd-dae3077c509f-993,物流页面-物流跟踪页面
2c2480ea-a21c-45e3-a1e9-3bf70aae1457-954-0,,显示了包裹的运输路径和状态更新，包括已下单、已发货、已揽件和运输中的时间和地点信息，这些都是物流跟踪页面的典型特征,2c2480ea-a21c-45e3-a1e9-3bf70aae1457-954,物流页面-物流跟踪页面
2ceb0067-904e-4efb-8b25-c1d526e3238c-952-0,,显示了包裹的取件信息和物流状态，包括取件时间、地点以及距离等细节，这些都是物流跟踪页面的典型特征,2ceb0067-904e-4efb-8b25-c1d526e3238c-952,物流页面-物流跟踪页面
2d4d4790-9e64-40dc-8430-20bfcd54fd9e-978-0,,显示了包裹的运输路径和状态更新，属于物流跟踪页面,2d4d4790-9e64-40dc-8430-20bfcd54fd9e-978,物流页面-物流跟踪页面
2fe6537b-95a9-487b-9d26-540cc1aeab47-1001-0,,显示了包裹的运输状态和路径。图中有地图、配送进度、快递员位置等信息，这些都是物流跟踪页面的典型特征,2fe6537b-95a9-487b-9d26-540cc1aeab47-1001,物流页面-物流跟踪页面
3b425fe0-a89a-477b-a7f2-d90f51c08c98-1015-0,,显示了与物流相关的时间线和状态更新，例如联系客户的尝试和具体的时间戳，属于物流跟踪页面,3b425fe0-a89a-477b-a7f2-d90f51c08c98-1015,物流页面-物流跟踪页面
3d7fd454-a6a7-4ca7-b7b5-4247e0d2778b-979-0,,显示了包裹的运输路径和状态更新。图中包含了具体的时间节点、地点信息以及包裹的当前状态，这些都是物流跟踪页面的典型特征,3d7fd454-a6a7-4ca7-b7b5-4247e0d2778b-979,物流页面-物流跟踪页面
6a2a93da-6151-4052-b579-0d4c354ad2e1-973-0,,显示了包裹的运输路径，符合物流跟踪页面,6a2a93da-6151-4052-b579-0d4c354ad2e1-973,物流页面-物流跟踪页面
29ede723-1110-4004-9325-c4722cb1ff5e-1039-0,,显示物流运输路径的页面，符合物流跟踪页面,29ede723-1110-4004-9325-c4722cb1ff5e-1039,物流页面-物流跟踪页面
035cc027-3914-4eab-b3aa-e0517baef70a-984-0,,显示了包裹的运输状态和路径信息，典型的物流跟踪页面特征,035cc027-3914-4eab-b3aa-e0517baef70a-984,物流页面-物流跟踪页面
95f1b864-fa48-4bf0-8a95-2d433b3dfeff-995-0,, 显示了包裹运输路径，特征符合物流跟踪页面,95f1b864-fa48-4bf0-8a95-2d433b3dfeff-995,物流页面-物流跟踪页面
221c66d6-2d62-48a7-a319-8f7cc950a9b2-957-0,,显示了包裹的运输状态和时间节点，例如“待取件”、“派送中”、“运输中”等信息，这些都是物流运输路径的典型特征，属于物流跟踪页面,221c66d6-2d62-48a7-a319-8f7cc950a9b2-957,物流页面-物流跟踪页面
418d6209-f976-41b5-8893-8972ffe79704-966-0,,显示了物流运输路径，属于物流跟踪页面,418d6209-f976-41b5-8893-8972ffe79704-966,物流页面-物流跟踪页面
465eec62-7586-4023-9fa9-72037b8d2f63-1019-0,,显示了包裹的运输路径和当前位置，属于物流跟踪页面,465eec62-7586-4023-9fa9-72037b8d2f63-1019,物流页面-物流跟踪页面
945c613f-3b1d-4fd7-a4f3-5522d2930e4f-1002-0,,显示了包裹的运输路径和状态更新，属于物流跟踪页面,945c613f-3b1d-4fd7-a4f3-5522d2930e4f-1002,物流页面-物流跟踪页面
14883b2e-6b9e-4c8d-b4bb-852e9a63ea50-1045-0,,显示了包裹的运输路径和状态更新，属于物流跟踪页面的典型特征,14883b2e-6b9e-4c8d-b4bb-852e9a63ea50-1045,物流页面-物流跟踪页面
a3d13454-88db-45ab-b8f5-5f9262172f97-1040-0,,显示了包裹的运输路径和状态更新，属于流跟踪页面的典型特征,a3d13454-88db-45ab-b8f5-5f9262172f97-1040,物流页面-物流跟踪页面
ad848a96-3f0a-4be0-868a-2e247a70b251-1038-0,,显示了包裹的运输路径和状态更新，属于物流跟踪页面的典型特征,ad848a96-3f0a-4be0-868a-2e247a70b251-1038,物流页面-物流跟踪页面
c673387b-5a40-444c-ab76-d3c557fdb559-977-0,,显示了包裹的运输路径和当前状态，属于物流跟踪页面的典型特征,c673387b-5a40-444c-ab76-d3c557fdb559-977,物流页面-物流跟踪页面
cdb24d6e-1985-4332-b5b5-dbc79a27fee4-998-0,,显示了包裹的运输状态和路径信息，属于物流跟踪页面的典型特征,cdb24d6e-1985-4332-b5b5-dbc79a27fee4-998,物流页面-物流跟踪页面
eae2f97b-6932-45c1-bcfc-ed6254303513-1026-0,,显示了包裹的运输状态和路径信息，属于物流跟踪页面的典型特征,eae2f97b-6932-45c1-bcfc-ed6254303513-1026,物流页面-物流跟踪页面
1df60fba-2ae3-433d-878e-ed849c760e3c-1840-0,,显示了交易明细列表，包括日期、时间、交易类型和金额变动，典型的账单或账户信息,1df60fba-2ae3-433d-878e-ed849c760e3c-1840,账单/账户页面
3ac2195a-2552-4145-8627-309b31a1f1a7-1830-0,,显示了用户的红包信息和优惠券列表，这些都是与账户相关的资产或优惠明细,3ac2195a-2552-4145-8627-309b31a1f1a7-1830,账单/账户页面
3ecc56f9-802d-4e0e-8d22-b952394737c9-1859-0,,显示了用户的资产总额、可提现金额，以及不同金额的提现选项，这些都是典型的账户管理和交易明细功能，属于账单或账户页面内容,3ecc56f9-802d-4e0e-8d22-b952394737c9-1859,账单/账户页面
7ea44018-2404-45ef-b69f-9ed9ed4b6a85-1860-0, ,显示了账户管理信息，包括自动续费状态、VIP权益规则、有效期等信息，这些都是典型的账户或资产管理页面内容,7ea44018-2404-45ef-b69f-9ed9ed4b6a85-1860,账单/账户页面
8a859a78-a281-42d0-bfe1-2dfcd0b7a0d1-1892-0,,显示了退款帐单交易明细，属于帐单/帐户页面,8a859a78-a281-42d0-bfe1-2dfcd0b7a0d1-1892,账单/账户页面
36a3c433-24f1-4a73-8f6e-1a3191a6ef32-1829-0,,显示了帐户六月份的收支情况，典型的账户或资产管理页面内容,36a3c433-24f1-4a73-8f6e-1a3191a6ef32-1829,账单/账户页面
53aa2dc7-ca5f-4829-932d-67c5e52156c3-1804-0,,显示了交易明细列表，包括日期、交易金额、退款信息等，这些都是典型的账单或账户页面特征,53aa2dc7-ca5f-4829-932d-67c5e52156c3-1804,账单/账户页面
55eb3615-ce7f-40e9-a944-39af2a5551f8-1844-0,,显示了退款帐单交易明细，属于帐单/帐户页面,55eb3615-ce7f-40e9-a944-39af2a5551f8-1844,账单/账户页面
066c9fcb-f1f4-41da-a674-5cbf8a64df46-1891-0,,显示了退款交易明细，属于账单或账户页面内容,066c9fcb-f1f4-41da-a674-5cbf8a64df46-1891,账单/账户页面
79fbf169-8f97-42e4-9605-d3e849e89f87-1821-0,,显示了一个红包兑换失败的通知，并包含了元宝总额、可兑换红包金额等信息，这些属于资产或账户相关的内容,79fbf169-8f97-42e4-9605-d3e849e89f87-1821,账单/账户页面
379d52a9-72f9-438e-b4f8-14945a2bfa22-1871-0,,显示了零钱余额、充值选项以及相关的交易操作，典型的账户管理和交易明细特征,379d52a9-72f9-438e-b4f8-14945a2bfa22-1871,账单/账户页面
438fdd71-784e-489a-8f84-b9ea66bcc83c-1852-0,,显示了支付金额、交易完成时间以及相关的商家信息和订单号等细节，这些都是典型的交易明细信息，属于帐单/帐户页面,438fdd71-784e-489a-8f84-b9ea66bcc83c-1852,账单/账户页面
780bdef2-8fff-49ce-935a-e37332c2cb78-1826-0,,显示了用户的积分详情（淘气值），这些内容通常出现在与账户管理和积分相关的页面上，属于帐单或帐户页面内容,780bdef2-8fff-49ce-935a-e37332c2cb78-1826,账单/账户页面
1078e5a5-5a23-4722-b633-761fd40b3307-1875-0,,显示了交易明细列表，包括日期、交易类型和金额变动等信息，这些都是典型的账单或账户活动记录,1078e5a5-5a23-4722-b633-761fd40b3307-1875,账单/账户页面
3402dce7-cd77-43d7-a0c4-039e94bf01e4-1817-0,,显示了退款帐单交易明细，属于帐单/帐户页面,3402dce7-cd77-43d7-a0c4-039e94bf01e4-1817,账单/账户页面
4647fac9-35fc-4365-b088-b515acca1f63-1886-0,,显示了一个成功提现的通知，包含提现金额、支付方式等信息，属于交易明细的一部分。因此，它被归类为账单/账户页面，因为它涉及到资金的流动和账户的变动,4647fac9-35fc-4365-b088-b515acca1f63-1886,账单/账户页面
47411e0d-501b-4933-92a9-3877a0f4e4f8-1876-0,,显示了交易明细列表，包括日期、时间、交易类型和金额变动等信息，这些都是典型的账单或账户页面特征,47411e0d-501b-4933-92a9-3877a0f4e4f8-1876,账单/账户页面
359415e1-c600-4991-8694-c4e886806181-1807-0,,显示了退款帐单交易明细，属于帐单/帐户页面,359415e1-c600-4991-8694-c4e886806181-1807,账单/账户页面
28686233-9cde-4a0c-befd-0b7432aa1b22-1866-0,,显示了红包的详细信息，包含可用余额。此外，还有历史记录，这些都是典型的交易明细或资产列表信息，属于帐单/帐户页面,28686233-9cde-4a0c-befd-0b7432aa1b22-1866,账单/账户页面
a7cac4f8-27e8-436a-825c-6a465ec479e5-1890-0,,显示了零钱余额、充值选项以及相关的资产信息。页面上有关于余额的详细说明和充值功能，这些都是典型的账户管理和交易相关内容,a7cac4f8-27e8-436a-825c-6a465ec479e5-1890,账单/账户页面
b2db51b0-e4b2-4028-8a3c-829ab33c0843-1816-0,,显示了用户的优惠券信息，包括不同类型的优惠券金额和使用条件，属于会员账户中的卡券列表,b2db51b0-e4b2-4028-8a3c-829ab33c0843-1816,账单/账户页面
b470e4d6-c66d-4bc4-823d-6d22f42cc097-1874-0,,显示了红包的使用情况和有效期，并包含了优惠券的细节，属于会员帐户中的卡券红包列表,b470e4d6-c66d-4bc4-823d-6d22f42cc097-1874,账单/账户页面
bb4db33f-dcda-4203-82d4-dc2316f6480d-1857-0,,显示了用户的资产信息，包括红包余额和充值金额，符合帐户页面的特征,bb4db33f-dcda-4203-82d4-dc2316f6480d-1857,账单/账户页面
bb4235bf-05de-40b8-bace-1bf8616f7442-1819-0,,显示了退款帐单交易明细，属于帐单/帐户页面,bb4235bf-05de-40b8-bace-1bf8616f7442-1819,账单/账户页面
c14a219b-3c3b-4da3-b5c6-ad79f6513af0-1888-0,,显示了退款帐单交易明细，属于帐单/帐户页面,c14a219b-3c3b-4da3-b5c6-ad79f6513af0-1888,账单/账户页面
ca0f6a63-c145-4962-b3cf-71b2a47c6c36-1828-0,,显示了交易明细列表，包括支出和收入的金额、日期和交易类型等信息，这些都是典型的账单或账户页面特征,ca0f6a63-c145-4962-b3cf-71b2a47c6c36-1828,账单/账户页面
ce3c0fe5-a32a-4ad5-a27f-d24af6feb507-1856-0,,显示了帐户余额（11元）、充值选项等，这些内容通常与账户管理和交易相关,ce3c0fe5-a32a-4ad5-a27f-d24af6feb507-1856,账单/账户页面
d1a945dc-5fec-4c13-a136-d5dae5d2aa51-1845-0,,显示了用户的零钱余额与账单或账户管理相关,d1a945dc-5fec-4c13-a136-d5dae5d2aa51-1845,账单/账户页面
f9e0844a-b587-41ff-90f0-73a10b12d4a2-1815-0,,显示了帐单明细，包括金额、充值时间、有效期等信息，这些都是典型的账单或账户相关内容,f9e0844a-b587-41ff-90f0-73a10b12d4a2-1815,账单/账户页面
2ca7fcd0-ee49-4351-89ad-43798b664eac-1421-0,购物车页面,显示了商品列表、商品合计金额、结算按钮，另外，页面下方显示当前位于购物车页面,2ca7fcd0-ee49-4351-89ad-43798b664eac-1421,购物车页面
6bc851f7-471c-4f51-9f9e-0169a178a5f3-1500-0,,显示了商品信息，还有商品的勾选框，属于购物车页面,6bc851f7-471c-4f51-9f9e-0169a178a5f3-1500,购物车页面
61d8776a-6115-46e5-9e2f-9b2170e95163-1417-0,,显示商品金额明细，并有结算按钮，另外，页面下方显示当前位于购物车页面,61d8776a-6115-46e5-9e2f-9b2170e95163-1417,购物车页面
82b7b3d3-cd9c-4d3d-a462-eecbf2ac8a58-1453-0,,显示了商品列表、商品勾选框、结算按钮，另外，页面下方显示当前位于购物车页面,82b7b3d3-cd9c-4d3d-a462-eecbf2ac8a58-1453,购物车页面
82c54144-eaf1-44fd-a370-7c0b763b43fa-1420-0,,显示了商品总价、结算按钮、商品勾选框，另外，页面下方显示当前位于购物车页面,82c54144-eaf1-44fd-a370-7c0b763b43fa-1420,购物车页面
88ff0bac-4555-43bd-a13e-4494a52b0de4-1458-0,,显示了商品列表、商品勾选框、结算按钮，另外，页面下方显示当前位于购物车页面,88ff0bac-4555-43bd-a13e-4494a52b0de4-1458,购物车页面
0305e3f4-21f3-43aa-afcf-fe51ec71d0cf-1482-0,,购物车查价页面，并有“立即结算”按钮，这些特征通常出现在购物车页面中,0305e3f4-21f3-43aa-afcf-fe51ec71d0cf-1482,购物车页面
443ccc13-65ab-4d2f-8b12-a0b87dfa416a-1491-0,,显示了商品金额明细、金额合计、结算按钮，属于购物车页面,443ccc13-65ab-4d2f-8b12-a0b87dfa416a-1491,购物车页面
684c5ef2-298f-4d5c-9b5d-dd8759e59d66-1429-0,,显示了商品列表、结算按钮、商品勾选框，属于购物车页面,684c5ef2-298f-4d5c-9b5d-dd8759e59d66-1429,购物车页面
918a51e4-b09d-4f87-b70b-abed69369321-1469-0,,显示了商品列表、结算按钮、商品勾选框，属于购物车页面,918a51e4-b09d-4f87-b70b-abed69369321-1469,购物车页面
4345b63f-fde6-4ba9-b111-30d7d8811ee4-1479-0,,显示了商品列表、结算按钮、商品勾选框，属于购物车页面,4345b63f-fde6-4ba9-b111-30d7d8811ee4-1479,购物车页面
5629e652-19b6-438f-b1f6-1363c57ef5b7-1474-0,,显示了金额明细、商品总价、优惠减免，此外，下方还有结算按钮，这些元素通常出现在购物车页面中,5629e652-19b6-438f-b1f6-1363c57ef5b7-1474,购物车页面
6450ea56-d3b4-4ff4-8937-4e6a9f1f8c44-1507-0,,显示了商品列表、结算按钮、商品勾选框，典型的购物车页面,6450ea56-d3b4-4ff4-8937-4e6a9f1f8c44-1507,购物车页面
6792e672-b5eb-4279-9861-802353ca9773-1441-0,,显示了商品列表、结算按钮、商品勾选框，典型的购物车页面,6792e672-b5eb-4279-9861-802353ca9773-1441,购物车页面
6880dfed-dffb-4cf4-9c4a-74556302673e-1423-0,,显示了商品价格相关信息、合计金额、结算按钮，典型的购物车页面,6880dfed-dffb-4cf4-9c4a-74556302673e-1423,购物车页面
8808ecdd-eda0-455e-8c8e-f3194f734b68-1437-0,,显示了商品价格相关信息、商品勾选框，典型的购物车页面,8808ecdd-eda0-455e-8c8e-f3194f734b68-1437,购物车页面
62357fa4-7e1b-45be-966f-f5c56b409b8c-1487-0,,显示了商品列表、结算按钮、商品勾选框，另外，页面下方也显示位于购物车介面,62357fa4-7e1b-45be-966f-f5c56b409b8c-1487,购物车页面
328845ab-fdef-4355-9590-c82d25337e66-1440-0,,显示了商品列表、结算按钮、商品勾选框，另外，页面下方显示当前位于购物车页面,328845ab-fdef-4355-9590-c82d25337e66-1440,购物车页面
01479895-7136-4768-a6da-f4c274f11915-1439-0,,显示了商品列表、结算按钮，页面下方也显示当前位于购物车介面,01479895-7136-4768-a6da-f4c274f11915-1439,购物车页面
82655459-60ae-4578-bcdc-3e4ffc07413a-1510-0,,显示了商品列表、价格、数量等信息，这些都是典型的购物车页面特征,82655459-60ae-4578-bcdc-3e4ffc07413a-1510,购物车页面
ae021ff8-22ec-4cec-aa58-bb0e3a9e4e2f-1465-0,,显示了商品价格相关信息、结算按钮，属于购物车页面,ae021ff8-22ec-4cec-aa58-bb0e3a9e4e2f-1465,购物车页面
b8b1471e-d912-4d36-aae2-a3ce5e24f32e-1505-0,,显示了商品列表、结算按钮、商品勾选框，另外，页面下方显示当前位于购物车页面,b8b1471e-d912-4d36-aae2-a3ce5e24f32e-1505,购物车页面
c1ff9363-24ae-405d-bb9a-ea525124c006-1484-0,,显示了商品列表、结算按钮、商品勾选框，属于购物车页面,c1ff9363-24ae-405d-bb9a-ea525124c006-1484,购物车页面
c28c65d2-e850-4d60-8a4c-7a753222bd24-1463-0,,显示了商品列表、结算按钮、商品勾选框，属于购物车页面,c28c65d2-e850-4d60-8a4c-7a753222bd24-1463,购物车页面
c5237b9e-c582-47e5-9527-4f438dacfb5f-1483-0,,显示了购物车中的商品价格明细和优惠信息，并且包含了总金额和折扣计算、领券结算等细节，这些都是典型的购物车页面特征,c5237b9e-c582-47e5-9527-4f438dacfb5f-1483,购物车页面
cada407b-f796-4211-82b2-5e99cf4dd086-1495-0,,显示了购物车中的商品列表和金额计算细节，包括各种优惠减免和最终结算金额，这些都是典型的购物车页面特征,cada407b-f796-4211-82b2-5e99cf4dd086-1495,购物车页面
cb09dc37-582d-4ed4-9216-f98eeb9ab8ce-1468-0,,显示了商品列表、价格、优惠信息以及结算按钮，这些都是典型的购物车页面特征,cb09dc37-582d-4ed4-9216-f98eeb9ab8ce-1468,购物车页面
deca08f0-e09c-4ede-8612-6ee93852ded9-1446-0,,显示了商品列表、结算按钮、商品勾选框，另外，页面下方也显示当前位于购物车介面,deca08f0-e09c-4ede-8612-6ee93852ded9-1446,购物车页面
e77a3a4d-a09a-4da0-a12e-329d87d60dd5-1471-0,,上方显示位于购物车介面，图片中也有商品勾选框，属于购物车页面,e77a3a4d-a09a-4da0-a12e-329d87d60dd5-1471,购物车页面
f1c355f6-1120-47cf-8b31-ff08c4edd503-1435-0,,显示了商品列表、结算按钮、商品勾选框，属于购物车页面,f1c355f6-1120-47cf-8b31-ff08c4edd503-1435,购物车页面
f4c52836-a6a3-4b90-ae6a-5c5c4dd474fa-1473-0,,显示了商品价格相关信息、合计金额、结算按钮，典型的购物车页面,f4c52836-a6a3-4b90-ae6a-5c5c4dd474fa-1473,购物车页面
fb08cb36-7511-458a-987d-44208f093951-1427-0,,显示了商品列表、结算按钮、商品勾选框，属于购物车页面,fb08cb36-7511-458a-987d-44208f093951-1427,购物车页面
fbc1fa7e-ec0f-4fc5-93ec-0586cb28f3a5-1508-0,,显示了商品列表、结算按钮、商品勾选框，属于购物车页面,fbc1fa7e-ec0f-4fc5-93ec-0586cb28f3a5-1508,购物车页面
3d657a1a-15b8-4b06-a704-caaf156d95cb-1364-0,換貨頁面,换货详情介面，显示了包括换货状态、服务选项、商品信息等，属于换货页面,3d657a1a-15b8-4b06-a704-caaf156d95cb-1364,换货页面
4a0f0b85-b8f9-413b-9260-84add624344a-1360-0,,显示了换货完成的详细信息，包括换货日期、物流信息、服务条款以及原商品和新商品的描述。这些元素都是典型的换货流程相关信息,4a0f0b85-b8f9-413b-9260-84add624344a-1360,换货页面
5c32e44d-25d1-48fa-94fb-5f8ee095ccee-1382-0,,显示了申请换货的界面，包括换货原因的选择和补充描述的填写。此外，弹出的提示信息说明当前收货地址不支持配送，需要重新选择，这也是换货流程中的常见步骤,5c32e44d-25d1-48fa-94fb-5f8ee095ccee-1382,换货页面
6e31acd7-718b-4fa2-ba29-36527409c526-1390-0,,显示了与商品换货相关的信息。具体原因包括：显示了换货的进度（待卖家确认收货并发货）、提供了撤销换货的选项。这些元素表明这是一个与换货流程相关的页面,6e31acd7-718b-4fa2-ba29-36527409c526-1390,换货页面
08b0ccac-21cb-4e26-9d7d-edc63111a983-1412-0,,显示了有关换货的详细信息，包括换货状态、商品信息和操作选项，如联系卖家和取消换货。这些元素都是典型的换货流程中会出现的内容,08b0ccac-21cb-4e26-9d7d-edc63111a983-1412,换货页面
8f979eec-3431-484d-9951-4a3ba1802429-1401-0,,显示了有关换货的详细信息，包括卖家拒绝换货的通知、剩余处理时间、商品信息以及相关操作选项（如撤销换货、修改申请）。这些元素都是典型的换货流程中会出现的内容,8f979eec-3431-484d-9951-4a3ba1802429-1401,换货页面
9e2a1ebe-87c3-4547-b405-b592aaabfdab-1384-0,,换货详情介面，包含了换货的详细信息，例如换货完成的日期和时间、物流信息、服务条款（如退货包运费）、换货商品的原商品和新商品信息等。这些元素都是典型的换货流程中会出现的内容,9e2a1ebe-87c3-4547-b405-b592aaabfdab-1384,换货页面
11fc6049-79dd-48e6-847e-24588de5b422-1366-0,,换货详情介面，显示了有关商品换货的详细信息，包括换货状态、换货原因、申请时间等内容。这些元素都是典型的换货流程中会出现的信息,11fc6049-79dd-48e6-847e-24588de5b422-1366,换货页面
56bdb9fc-5300-4c33-925d-8fe1f8eafa4e-1411-0,,换货详情介面，显示了与换货相关的详细信息，典型的换货流程中会出现的内容,56bdb9fc-5300-4c33-925d-8fe1f8eafa4e-1411,换货页面
923d29db-f90e-4a63-8ea2-bebea3299a56-1389-0,,一个换货申请页面，包含了换货原因、商品信息和提示信息。这些元素表明用户正在进行商品换货操作，属于换货页面,923d29db-f90e-4a63-8ea2-bebea3299a56-1389,换货页面
2148d730-e012-490f-a646-009c87c29a90-1354-0,,换货详情介面，显示了有关商品换货的详细信息，典型的换货页面,2148d730-e012-490f-a646-009c87c29a90-1354,换货页面
2948d12a-3e6e-42b7-9656-e80bb3b5125d-1399-0,,换货详情介面，显示了有关商品换货的详细信息，典型的换货页面,2948d12a-3e6e-42b7-9656-e80bb3b5125d-1399,换货页面
6348b52e-67a0-4ff6-a893-4718795a1b5f-1378-0,,换货详情介面，显示了有关商品换货的详细信息，同时，提供了撤销换货的选项，典型的换货页面,6348b52e-67a0-4ff6-a893-4718795a1b5f-1378,换货页面
71166b97-8122-4a4b-b61c-f7a118335295-1404-0,,显示了换货详情，包括换货关闭的时间、服务条款、商品信息等，这些都是典型的换货相关内容,71166b97-8122-4a4b-b61c-f7a118335295-1404,换货页面
80855637-a018-47f8-b800-53f90f2bdf1a-1388-0,,显示了与换货相关的资讯，包括买家撤销换货申请、快递员取件成功等记录，这些内容都与换货过程有关,80855637-a018-47f8-b800-53f90f2bdf1a-1388,换货页面
bbd6d14c-810a-432a-80bb-fa9a510fbfde-1357-0,,显示了一个申请换货页面，包含选择换货原因和新商品的选项。并且有提示“价格相同的商品才可以换货哦”，这些元素都表明这是与换货相关的界面,bbd6d14c-810a-432a-80bb-fa9a510fbfde-1357,换货页面
fb7f453a-cfc6-40f9-9665-35d28cdb3d55-1348-0,,包含了有关换货的详细信息，例如商家同意退货、上门取件的时间安排，以及换货商品的描述等。这些元素都是典型的换货介面,fb7f453a-cfc6-40f9-9665-35d28cdb3d55-1348,换货页面
2a941847-7bb1-4d57-89ed-51b3f545ec66-1281-0,退货页面,退款退货详情页面，有退款金额、退货政策（七天无理由退换）和运费险的详细说明，属于退货页面,2a941847-7bb1-4d57-89ed-51b3f545ec66-1281,退货页面
2ad6e7fd-5b0a-409a-a656-c2b0f39a7c3e-1258-0,,退款退货详情页面，包含了退货和退款的详细信息，例如退款成功的通知、退款金额、运费支付的提示等。这些都是典型的退货页面,2ad6e7fd-5b0a-409a-a656-c2b0f39a7c3e-1258,退货页面
3b764c66-9010-43b6-a657-b2f83c52b392-1290-0,,退货退款详情页面，包括快递员上门取件的时间安排、物流客服选项、取消寄件和修改时间/地址的按钮，以及退款信息等。这些元素都是典型的退货流程信息,3b764c66-9010-43b6-a657-b2f83c52b392-1290,退货页面
3fc85b30-3ab3-4cad-a2de-324e2ae6a078-1279-0,,显示了商家同意退货的讯息，并要求使用特定方式寄回商品。此外，页面上还有关于退货运费未支付的提示，这些都是典型的退货流程信息,3fc85b30-3ab3-4cad-a2de-324e2ae6a078-1279,退货页面
4b62e505-0f5b-417e-bf2b-648ce8765bb1-1346-0,,显示了退货退款的详情，包括商家拒绝退货的原因、物流信息、以及退货商品的图片和信息。这些元素都是典型的退货页面内容,4b62e505-0f5b-417e-bf2b-648ce8765bb1-1346,退货页面
5b12415f-9df7-4fbc-84a2-24a766529251-1268-0,,显示了退货相关的信息，例如“选择退货方式”、“上门取件”、“服务点自寄”等选项。此外，还有预估运费、寄件商品信息等，这些都是与退货流程相关的内容,5b12415f-9df7-4fbc-84a2-24a766529251-1268,退货页面
06bf89fe-bd2e-4167-ae10-a21b0f66c3f2-1256-0,,显示了选择退货方式介面，包括上门取件和服务点自寄的选项。此外，页面上有商家同意退货的提示，以及退货商品的详细信息，这些都是典型的退货流程相关内容,06bf89fe-bd2e-4167-ae10-a21b0f66c3f2-1256,退货页面
8f3dfe36-9895-4e95-81b2-885e0670b0cf-1330-0,,显示了商家同意退货的信息，并要求使用特定的方式寄回商品。此外，页面上有关于退货地址异常的提示，并提供了联系商家以获取正确地址的选项，这些都是与退货流程相关的内容,8f3dfe36-9895-4e95-81b2-885e0670b0cf-1330,退货页面
9d1f1fd0-f2c1-437f-bf25-96edae6758ab-1252-0,,显示了退货退款的详细信息，包括商家退款的时间倒计时、包裹状态、退款信息以及联系卖家和客服的选项，这些都是典型的退货流程相关内容,9d1f1fd0-f2c1-437f-bf25-96edae6758ab-1252,退货页面
d3398e8e-c9ff-4742-923b-219eb3c8b726-1312-0,,显示了退货退款的详细信息，包括快递员上门取件的安排、物流客服选项，以及退货信息等。这些元素都是典型的退货流程相关内容,d3398e8e-c9ff-4742-923b-219eb3c8b726-1312,退货页面
e46a52f8-878b-4ceb-903c-33fcbd50a823-1310-0,,显示了退货退款的详细信息，包括商家处理状态、寄回商品的时间限制、物流信息填写提示等，这些都是典型的退货流程相关内容,e46a52f8-878b-4ceb-903c-33fcbd50a823-1310,退货页面
e60f7d0c-266e-43c0-b5fe-f00b4dc6acd7-1344-0,,显示了退货的相关信息，包括商家已同意退货的提示、退货地址异常的警告，以及联系商家的选项。此外，还有关于退货商品的详细信息和服务协议的确认选项，这些都是典型的退货流程中会出现的内容,e60f7d0c-266e-43c0-b5fe-f00b4dc6acd7-1344,退货页面
f29a19ff-3fca-4d9f-9c12-28614ac66258-1266-0,,显示了退货退款的详细信息，包括退货进度、服务条款、退货商品的图片和描述等。这些元素都是典型的退货页面内容,f29a19ff-3fca-4d9f-9c12-28614ac66258-1266,退货页面
f50a14ad-9328-412e-a3ed-3e7861f0594d-1297-0,,退货退款详细介面，显示包括退款状态、商品信息和相关日期。此外，还有与卖家联系和查看其他商品的选项，这些都是典型的退货页面元素,f50a14ad-9328-412e-a3ed-3e7861f0594d-1297,退货页面
f84fbdf3-e4e7-4466-a891-fa0d716338dc-1273-0,,退货退款详情页面，显示了包含退货流程、寄回商品的时间限制、物流信息填写提示等。此外，还有关于退货包运费的服务选项，这些都是典型的退货相关内容,f84fbdf3-e4e7-4466-a891-fa0d716338dc-1273,退货页面
1aff01ac-f8a3-4962-b4ec-9f52d81b1ac2-1712-0,优惠券领取页面,显示订单分配到的红包，属于优惠券领取页面,1aff01ac-f8a3-4962-b4ec-9f52d81b1ac2-1712,优惠券领取页面
1bd2c7a8-f70b-4dd3-9179-85c1333dc4ae-1732-0,,显示了一个红包优惠活动的信息，并且有“去使用”的按钮，属于优惠券领取页面,1bd2c7a8-f70b-4dd3-9179-85c1333dc4ae-1732,优惠券领取页面
3a0cbd58-1fef-46a5-bca3-390cdf10e051-1710-0,,显示了88VIP专享消费券的信息，包括优惠金额、使用条件和有效期限。此外，图中还有提示“领取成功”的讯息，这些特征都符合领取优惠券的截图特征,3a0cbd58-1fef-46a5-bca3-390cdf10e051-1710,优惠券领取页面
3a3110e1-d35e-4d71-a5e0-344d83d782d2-1725-0,,展示了多种优惠券的信息，包括88VIP专享消费券和其他满减优惠券。页面上有明确的优惠金额、使用条件和时间限制，这些都是典型的优惠券领取页面特征,3a3110e1-d35e-4d71-a5e0-344d83d782d2-1725,优惠券领取页面
3be7f8d1-0f4f-4b5d-ba2c-bc688d72ea10-1792-0,,展示了多种优惠券的选项和使用条件，并且提供了“立即领取”的按钮，这些都是典型的优惠券领取页面特征,3be7f8d1-0f4f-4b5d-ba2c-bc688d72ea10-1792,优惠券领取页面
4bec47e5-de97-408e-9881-8764ffd7b1b0-1761-0,,展示了多种优惠券的信息，包括使用条件、有效时间和积分兑换等细节，这些都是典型的优惠券领取页面特征,4bec47e5-de97-408e-9881-8764ffd7b1b0-1761,优惠券领取页面
5bcb3e58-a816-434b-a054-cfe6c955f086-1765-0,,展示了多种商品的优惠券信息，包括折扣金额、使用条件和立即抢购的按钮，属于优惠券领取页面,5bcb3e58-a816-434b-a054-cfe6c955f086-1765,优惠券领取页面
5ca692e9-0b90-45ef-8e79-29e52e5cb9ed-1737-0,,显示了一张店铺优惠券的详细信息，包括金额、使用条件（满505可用）、有效期限，以及使用按钮和领取来源说明，属于优惠券领取页面,5ca692e9-0b90-45ef-8e79-29e52e5cb9ed-1737,优惠券领取页面
5fb0c427-5d7e-4af1-9413-ebc3d16fb10e-1782-0,,页面主要展示了多种优惠券的信息，例如“400元优惠券”和“100元优惠券”，并且有“领取”或“使用”的提示，属于优惠券领取页面,5fb0c427-5d7e-4af1-9413-ebc3d16fb10e-1782,优惠券领取页面
7e7b2126-e0d6-493e-ae08-4240c6186f74-1702-0,,显示了多张优惠券领取的提示，属于优惠券领取页面,7e7b2126-e0d6-493e-ae08-4240c6186f74-1702,优惠券领取页面
8a3f5edd-774c-4cca-82a3-0ca3a1eb58cf-1751-0,,展示了购物满额后可以获得红包的活动信息，被归类为优惠券领取页面,8a3f5edd-774c-4cca-82a3-0ca3a1eb58cf-1751,优惠券领取页面
9e78e93f-11ca-4cf7-9c63-01faed88dd81-1720-0,,显示了可用的 88VIP专享消费券 和 无门槛红包，分别减免 ¥100.00 和 ¥8.00，总共优惠 ¥108.00，用于确认订单时的折扣信息，属于优惠券领取页面,9e78e93f-11ca-4cf7-9c63-01faed88dd81-1720,优惠券领取页面
9f9cf60a-73f8-4007-a473-b01bed3faa9e-1759-0,,显示了一个红包（优惠券）的领取提示，并询问用户是否确认领取11元红包，属于优惠券领取页面,9f9cf60a-73f8-4007-a473-b01bed3faa9e-1759,优惠券领取页面
23ce1b7f-e0bd-4005-be4a-f0e0f0fbb5e1-1700-0,,展示了88VIP专享的消费券信息，包括满额使用条件和优惠金额，属于优惠券领取页面,23ce1b7f-e0bd-4005-be4a-f0e0f0fbb5e1-1700,优惠券领取页面
46ecd815-ef32-4243-b591-7c3bf7e7fcf1-1780-0,,展示了商品的折扣信息和优惠券的领取选项。图中有明显的价格标示和“立即领券”的按钮，这些都是典型的优惠券领取页面特征,46ecd815-ef32-4243-b591-7c3bf7e7fcf1-1780,优惠券领取页面
60f949a0-56ca-48c9-8b34-32c0c1f59665-1752-0,,展示了多种不同类型的优惠券，包括运动户外券、天猫国际券、图书券等，每张优惠券都有相应的折扣金额和使用条件，并且有「立即抢」的按钮，符合优惠券领取页面的特征,60f949a0-56ca-48c9-8b34-32c0c1f59665-1752,优惠券领取页面
65b8575c-f2f1-4bb4-9250-76cb1ad33316-1757-0,,显示了一个红包优惠券的信息，属于优惠券领取页面,65b8575c-f2f1-4bb4-9250-76cb1ad33316-1757,优惠券领取页面
192d61dc-13b8-4f80-b595-9f1269d4b1a1-1731-0,,显示了一个开红包的页面，属于优惠券领取页面,192d61dc-13b8-4f80-b595-9f1269d4b1a1-1731,优惠券领取页面
8971fd49-81b7-4a0d-898d-99c6e64ab21a-1776-0,,显示一个优惠券确认使用的页面，被归类为优惠券领取页面,8971fd49-81b7-4a0d-898d-99c6e64ab21a-1776,优惠券领取页面
9650d035-802d-4563-94c2-d60762f43da3-1728-0,,显示了一张已过期的优惠券的详细信息，被归类为优惠券领取页面,9650d035-802d-4563-94c2-d60762f43da3-1728,优惠券领取页面
63834ffa-d0d1-4801-988e-cfcf01f952f5-1713-0,,显示了优惠详情，包括优惠活动的名称和使用条件，属于优惠券领取页面,63834ffa-d0d1-4801-988e-cfcf01f952f5-1713,优惠券领取页面
93679dc6-ed49-4835-963f-b110365b2faf-1738-0,,显示了一张已过期的优惠券，被归类为优惠券领取页面,93679dc6-ed49-4835-963f-b110365b2faf-1738,优惠券领取页面
777917fc-c681-4c44-9f40-a6f3bd4c135a-1729-0,,显示了有关优惠券的信息，包括88VIP专享消费券的折扣和使用条件，供用户领取和使用，属于优惠券领取页面,777917fc-c681-4c44-9f40-a6f3bd4c135a-1729,优惠券领取页面
856854c1-7ebf-45a3-8b94-06e5e2e6312e-1749-0,,显示了用户可以用积分兑换不同价值的优惠券或红包的选项，页面上也有明确的兑换按钮，属于优惠券领取页面,856854c1-7ebf-45a3-8b94-06e5e2e6312e-1749,优惠券领取页面
49285377-6b0e-4403-bec6-d6322a5c7ad5-1730-0,,显示了两个优惠券的细节，包括折扣金额、使用条件（如满额使用限制）、适用范围（限淘宝天猫实物商品使用），以及有效期限，属于优惠券领取页面,49285377-6b0e-4403-bec6-d6322a5c7ad5-1730,优惠券领取页面
a5a9c196-d9de-494d-b41b-d5a22d07267f-1771-0,,显示两张已过期的优惠券，属于优惠券领取页面的范畴,a5a9c196-d9de-494d-b41b-d5a22d07267f-1771,优惠券领取页面
a8eb2f21-7168-47ce-ba54-2300b812a36b-1758-0,,展示了多种优惠券的详情，包括折扣金额、使用条件和有效期限，并且提供了“立即抢”的按钮，这些都是典型的优惠券领取页面特征,a8eb2f21-7168-47ce-ba54-2300b812a36b-1758,优惠券领取页面
b1009b8d-3fd9-4503-883d-75f9f481fc62-1769-0,,展示了两张优惠券的信息，以及“已抢光”的状态，这些都是典型的优惠券领取页面特征,b1009b8d-3fd9-4503-883d-75f9f481fc62-1769,优惠券领取页面
b9982032-a3fc-45d7-967d-c1cd2abffb8f-1734-0,,展示了多张优惠券，并有 ‘立即领取“、”点击领取“的按钮,b9982032-a3fc-45d7-967d-c1cd2abffb8f-1734,优惠券领取页面
cb5b544d-ad28-415f-883f-399f40d16f14-1719-0,,显示了一个红包优惠信息，并有 “去使用” 的按钮，属于优惠券领取页面,cb5b544d-ad28-415f-883f-399f40d16f14-1719,优惠券领取页面
d58ba487-c85c-417f-8077-3278d8527e40-1786-0,,显示了多个红包和优惠券的选项，并且有明确的金额和条件说明，这些都是典型的优惠券领取页面特征,d58ba487-c85c-417f-8077-3278d8527e40-1786,优惠券领取页面
dbbac713-12ad-41bb-84c3-c3f98c4ed6c6-1783-0,,展示了多种优惠券的信息，如满额使用的条件、优惠金额，以及立即领取的按钮。此外，页面上还有红包活动和购物券的相关信息，这些都是典型的优惠券领取页面特征,dbbac713-12ad-41bb-84c3-c3f98c4ed6c6-1783,优惠券领取页面
feb7a339-4af7-415d-96b3-39299e151e73-1788-0,,展示了多种优惠券的信息，包括折扣金额、使用条件和立即抢购的按钮，属于优惠券领取页面,feb7a339-4af7-415d-96b3-39299e151e73-1788,优惠券领取页面
1bea97d4-702a-47c6-917e-f07c1205da40-1687-0,活动页面,整点抢红包活动，并显示了活动倒计时，典型的活动页面,1bea97d4-702a-47c6-917e-f07c1205da40-1687,活动页面
3e23cc49-69f6-4c92-9944-13a605f3ab36-1607-0,,展示了 “618狂欢节” 的促销活动的信息，是典型的活动页面特征,3e23cc49-69f6-4c92-9944-13a605f3ab36-1607,活动页面
4c23c17b-a877-4a24-870f-0a6ef407b660-1685-0,,显示了一个应用程式中的奖励兑换活动。画面中有关于签到领现金、元宝兑换红包，这些都是典型的活动页面特征,4c23c17b-a877-4a24-870f-0a6ef407b660-1685,活动页面
4e766559-8628-42c7-b9de-efb6d98b7c6b-1667-0,,展示了促销活动 “大牌美妆抢买正送正”，包括折扣券、限量优惠和活动日期（5月31日至6月20日），这些都是典型活动页面元素,4e766559-8628-42c7-b9de-efb6d98b7c6b-1667,活动页面
5abcbc3c-3e48-44ff-9f20-1ce51877ba03-1593-0,,显示了签到领现金的活动信息，包括奖励金额、连续签到天数，是典型的活动页面,5abcbc3c-3e48-44ff-9f20-1ce51877ba03-1593,活动页面
6a37582c-4432-4154-9048-5fa14ce992b1-1598-0,,展示了 “苹果盛典，官方直降千元” 活动的信息，包括优惠券和活动时间（5月31日到6月20日），是典型的活动页面,6a37582c-4432-4154-9048-5fa14ce992b1-1598,活动页面
7cdb0e2c-50d1-4a5a-9ba5-6ddbd33e9a5f-1594-0,,展示了”618年中狂欢节“的活动信息，如88VIP专享消费券、红包等，属于活动页面,7cdb0e2c-50d1-4a5a-9ba5-6ddbd33e9a5f-1594,活动页面
22d5ce75-36e6-4d5b-a380-198fefa362b5-1637-0,,显示了一个免费开盲盒抽奖活动的界面，包含奖品展示和获奖信息，这些都是典型的活动页面特征,22d5ce75-36e6-4d5b-a380-198fefa362b5-1637,活动页面
59efb35f-ec6f-4039-b624-8cb588b8818a-1674-0,,展示了一个促销活动 “大牌美妆，抢买正送正” 的详情，包括活动日期（5月31日到6月20日）、折扣信息、优惠券、参与品牌等，属于活动页面,59efb35f-ec6f-4039-b624-8cb588b8818a-1674,活动页面
80f63db7-5feb-4878-980e-e56a18b70bc0-1645-0,,显示了用户可以参加的奖励活动，包括签到领现金、兑换红包和现金的选项，都是典型的促销活动内容,80f63db7-5feb-4878-980e-e56a18b70bc0-1645,活动页面
92a4b0cb-b36d-4aac-98aa-a0c400c0c5a5-1621-0,,显示了用户可以参加的促销活动和奖励兑换选项。图中展示了元宝数量、可兑换的红包和现金选项，以及相关的使用条件，这些都是典型的活动页面元素,92a4b0cb-b36d-4aac-98aa-a0c400c0c5a5-1621,活动页面
291bddf1-f5a1-45d1-bd66-c076e1fe9694-1675-0,,展示了“618年中狂欢节”的优惠券信息和折扣活动，属于活动页面,291bddf1-f5a1-45d1-bd66-c076e1fe9694-1675,活动页面
357e2c0e-cd85-406a-b207-e4c15cbd38a5-1682-0,,显示了一个应用程式中的活动奖励页面，包含了用户可以兑换红包和现金的选项，以及相关的积分和兑换规则。这些特征符合活动页面的典型特征,357e2c0e-cd85-406a-b207-e4c15cbd38a5-1682,活动页面
641c7a77-d7ec-46b4-a4ce-8c7992318160-1628-0,,展示了有关会员升级和专属福利的促销信息，如SVIP升级价格、88VIP特供福利等，这些都是典型的活动推广内容,641c7a77-d7ec-46b4-a4ce-8c7992318160-1628,活动页面
41411a18-6093-4ab4-b857-e2f86b87a200-1602-0,,显示”大额补贴发不停“的促销活动，属于活动页面,41411a18-6093-4ab4-b857-e2f86b87a200-1602,活动页面
42483dd6-3e0c-46c4-b685-017c32c499cd-1649-0,,显示“618年中狂欢节”的促销活动信息，属于活动页面,42483dd6-3e0c-46c4-b685-017c32c499cd-1649,活动页面
9866587d-748a-4a69-a7d4-7234aae42f3e-1623-0,,显示了有关兑换奖励的活动信息，包括元宝数量、可兑换的红包和现金选项，以及相关的使用条件和规则，这些都是典型的活动页面内容,9866587d-748a-4a69-a7d4-7234aae42f3e-1623,活动页面
a7a2841a-5011-43ed-b093-db8a348ced9f-1671-0,,”签到领现金“的活动页面,a7a2841a-5011-43ed-b093-db8a348ced9f-1671,活动页面
a103e302-8a5c-4cb1-90e9-0b933c72ea0a-1640-0,,展示了“618年中狂欢节”的促销活动，属于活动页面,a103e302-8a5c-4cb1-90e9-0b933c72ea0a-1640,活动页面
a516959c-9695-4d6b-93b5-9e516ee24791-1661-0,,展示了“以旧换新享补贴”活动，属于活动页面,a516959c-9695-4d6b-93b5-9e516ee24791-1661,活动页面
b4ac87ba-e3cc-4c38-8485-bec03067203c-1638-0,,展示了抢红包的活动信息，同时，显示了距离活动开始的时间,b4ac87ba-e3cc-4c38-8485-bec03067203c-1638,活动页面
c5180e6e-d66f-4b58-a396-9544b7909dd7-1676-0,,展示了促销活动的信息，包括特价商品、折扣价格和购买按钮，这些都是典型的促销活动页面特征,c5180e6e-d66f-4b58-a396-9544b7909dd7-1676,活动页面
cbb2f034-209c-454b-b334-157f9fd1a75e-1642-0,,展示了促销活动的信息，包括折扣、红包奖励和抽奖机会，这些都是典型的活动宣传内容,cbb2f034-209c-454b-b334-157f9fd1a75e-1642,活动页面
d9d06266-2643-439f-827f-fe3642098788-1597-0,,整点抢红包的活动页,d9d06266-2643-439f-827f-fe3642098788-1597,活动页面
d422cd0d-5a52-4181-95ad-5a724f643a5e-1618-0,,签到领现金的活动页面,d422cd0d-5a52-4181-95ad-5a724f643a5e-1618,活动页面
ddae198b-d187-4aa0-bcf0-2badd8b98427-1622-0,,显示了一个抽奖活动的界面，包含了抽奖的提示、剩余次数、奖品展示等信息，这些都是典型的活动页面元素,ddae198b-d187-4aa0-bcf0-2badd8b98427-1622,活动页面
e4fbf1da-3386-4a5d-9d01-db5b175b555a-1654-0,,展示了一个促销活动的界面，包括折扣信息（8.5折起）、任务奖励、红包等元素，这些都是典型的活动推广内容 ,e4fbf1da-3386-4a5d-9d01-db5b175b555a-1654,活动页面
f37a7f4e-7edd-492c-a98a-e84c463e1b18-1656-0,,展示了购物优惠活动的详情，包括购买商品赠送礼品的条件和时间限制，这些都是典型的促销活动信息,f37a7f4e-7edd-492c-a98a-e84c463e1b18-1656,活动页面
f68daeb2-fd5c-4919-b56d-25fc1690a2cc-1670-0,,显示了一个会员活动的界面，包含新会员礼包信息、倒计时等，典型的活动页面,f68daeb2-fd5c-4919-b56d-25fc1690a2cc-1670,活动页面
4bd11e5c-65f5-47e0-8424-ac65f0acdad4-594-0,订单详情页面,显示了完整的订单信息，包括商品名称、价格、折扣、实付款、订单编号、交易时间等详细内容，这些都是典型的订单详情页面元素,4bd11e5c-65f5-47e0-8424-ac65f0acdad4-594,订单详情页面
4c7bd348-cae9-4488-94f5-27c7e02eae35-590-0,,显示了购买商品的详细信息，包括商品名称、价格、支付状态、发货时间、交易号码和支付时间等，这些都是典型的订单详情页面内容,4c7bd348-cae9-4488-94f5-27c7e02eae35-590,订单详情页面
4ceb48cf-08a7-4487-a58d-e697037ed106-586-0,,显示了完整的订单信息，包括商品名称、价格、订单编号、收货信息、创建时间和成交时间等细节。这些元素通常出现在订单详情页面中,4ceb48cf-08a7-4487-a58d-e697037ed106-586,订单详情页面
4efaee75-bc3c-4981-9b88-0b6913b1d470-597-0,,显示了商品信息、价格、配送方式、运费、以及提交订单的按钮。这些元素通常出现在确认订单的界面上，帮助用户在购买前核对订单细节，属于订单详情页面,4efaee75-bc3c-4981-9b88-0b6913b1d470-597,订单详情页面
7b4a7902-958a-40c9-aba2-0e2c445ddb4b-582-0,,显示了订单的详细信息，包括商品图片、名称、订单状态（已发货）、订单编号、以及相关操作选项（如查看物流、确认收货等）。这些元素都是典型的订单详情页面特征,7b4a7902-958a-40c9-aba2-0e2c445ddb4b-582,订单详情页面
11ba10ac-ab60-4e2f-8dc1-c22d47daf29e-517-0,,完整的订单信息，包括交易成功状态、商品图片、价格、订单创建时间、付款时间、发货时间和成交时间等详细信息。这些元素都是典型的订单详情页面特征,11ba10ac-ab60-4e2f-8dc1-c22d47daf29e-517,订单详情页面
506ec467-73f3-4d8e-aa38-13982de0dd60-592-0,,显示了多个订单的详细信息，包括商品名称、价格、交易状态和操作选项（如删除订单、添加评价等），属于订单详情页面,506ec467-73f3-4d8e-aa38-13982de0dd60-592,订单详情页面
6192aaeb-ca6b-40d2-b712-7cd01b4e55b9-589-0,,显示了完整的订单信息，包括商品图片、价格、运费、实付款、交易号、创建时间、付款时间和发货时间等详细内容。这些元素都是典型的订单详情页面所包含的信息,6192aaeb-ca6b-40d2-b712-7cd01b4e55b9-589,订单详情页面
7358add9-466f-4cf2-aa0f-9b3c179e4060-580-0,,显示了完整的订单信息，包括商品图片、价格、订单状态（已发货）、签收信息、退款选项等，这些都是典型的订单详情页面元素,7358add9-466f-4cf2-aa0f-9b3c179e4060-580,订单详情页面
72534616-2795-4bea-a79b-3673fa5e160a-567-0,,显示了完整的订单信息，包括商品名称、价格、订单编号、支付信息、创建时间、付款时间等细节，这些都是典型的订单详情页面内容,72534616-2795-4bea-a79b-3673fa5e160a-567,订单详情页面
a3a99bb5-7331-437e-a232-409e80fa55a4-572-0,,显示了完整的订单信息，包括商品总价、运费、折扣、应付款金额、收货信息、订单编号、创建时间和成交时间等详细内容。这些元素都是典型的订单详情页面所包含的信息,a3a99bb5-7331-437e-a232-409e80fa55a4-572,订单详情页面
ba84a071-9d62-499d-bbb7-434de3ae5130-576-0,,显示了购买商品的详细信息，包括商品名称、价格、订单编号、支付时间等，这些都是典型的订单详情页面内容,ba84a071-9d62-499d-bbb7-434de3ae5130-576,订单详情页面
ba70559a-e504-4ab6-b076-c60d7656568f-584-0,,显示了多个订单的详细信息，包括商品图片、名称、价格、状态（如已发货、运输中）、以及操作选项（如查看物流、确认收货）。这些元素都是典型的订单详情页面特征,ba70559a-e504-4ab6-b076-c60d7656568f-584,订单详情页面
c5d33d1b-7484-4887-b440-785c707d4758-599-0,,显示了一个交易成功的页面，包含商品图片、价格、实付款、交易快照等信息，这些都是典型的订单详情内容,c5d33d1b-7484-4887-b440-785c707d4758-599,订单详情页面
02f104c3-1a2b-4c79-8bd8-c83ff92f065e-694-0,,显示了帐单交易成功的信息，支付成功被归类为支付页面,02f104c3-1a2b-4c79-8bd8-c83ff92f065e-694,支付页面
5a296ff7-266a-4801-9c0b-7bc739acfce4-616-0,,下方有“分期支付”与“立即支付”的选项，还有支付宝的勾选框，属于支付选择页面，属于支付页面的一种,5a296ff7-266a-4801-9c0b-7bc739acfce4-616,支付页面
9c7353b9-4a92-4f09-977e-0db2febacfa9-615-0,,显示一个待付款的订单，并有“提交订单”的支付按钮，属于支付页面,9c7353b9-4a92-4f09-977e-0db2febacfa9-615,支付页面
44c64713-a262-4dd3-9dbd-646bced21f8c-619-0,,显示了支付费用的明细，以及“立即支付”按钮，属于支付页面,44c64713-a262-4dd3-9dbd-646bced21f8c-619,支付页面
55ee4a15-2504-4937-a334-492530a59582-652-0,,显示了支付金额和“立即支付”按钮，属于支付页面,55ee4a15-2504-4937-a334-492530a59582-652,支付页面
88a55172-3835-454e-b98c-b43144c816cd-680-0,,显示了运费的计算细节、折扣信息以及实际支付金额，并提供了支付按钮，这些都是典型的支付页面元素,88a55172-3835-454e-b98c-b43144c816cd-680,支付页面
88e0f916-889f-4b65-a457-99063eec2a09-602-0,,显示了“开通淘宝小额免密支付”的提示，属于支付选择页面，是支付页面的一种,88e0f916-889f-4b65-a457-99063eec2a09-602,支付页面
825b4d12-d177-4bd1-b88e-147cb171b7e3-676-0.,,张图属于支付页面，因为它显示了支付金额的详细信息，包括运费、折扣和实际支付金额。此外，页面上有支付按钮，是支付页面的典型特征,825b4d12-d177-4bd1-b88e-147cb171b7e3-676,支付页面
889cb64c-851e-4d20-ae35-74d1db5fc3b2-677-0,,显示了确认订单的界面，并支付方式选择（如支付宝、找朋友帮忙付等）以及提交订单的按钮，都是支付页面的特征,889cb64c-851e-4d20-ae35-74d1db5fc3b2-677,支付页面
4344a03e-9227-4822-b48e-e678dbd4302e-693-0,,显示一个待付款的订单，并有“提交订单”的支付按钮，属于支付页面,4344a03e-9227-4822-b48e-e678dbd4302e-693,支付页面
6916b22b-feae-489e-b8ae-170449489e8b-645-0,,显示了商品价格、支付方式选择（如支付宝）、以及立即支付的按钮，这些都是典型的支付页面特征,6916b22b-feae-489e-b8ae-170449489e8b-645,支付页面
1542506f-cd00-47f2-8303-471f61e19766-623-0,,显示了帐单交易成功的信息，支付成功属于支付页面的其中一个种类,1542506f-cd00-47f2-8303-471f61e19766-623,支付页面
a87096f9-037a-4c31-bb8a-b1adea238887-691-0,,显示了帐单交易成功的信息，支付成功属于支付页面的其中一个种类,a87096f9-037a-4c31-bb8a-b1adea238887-691,支付页面
af1788cd-509c-4bb9-a683-2ad2d2a0c03a-686-0,,显示了支付费用的明细，还有“立即支付”按钮，属于支付页面,af1788cd-509c-4bb9-a683-2ad2d2a0c03a-686,支付页面
bbaf66e7-912e-4d99-af8c-03b8f22a7660-631-0,,显示了一个待付款的订单，并有”继续付款“的按钮，属于支付页面,bbaf66e7-912e-4d99-af8c-03b8f22a7660-631,支付页面
db90e93d-f578-4d6a-9153-c5d5befe055e-678-0,,显示了商品总计金额、支付按钮与支付方式选择（支付宝勾选框），这些都是典型的支付页面元素,db90e93d-f578-4d6a-9153-c5d5befe055e-678,支付页面
df931585-6940-4317-96e8-7623a01158c3-646-0,,显示了商品的价格明细、最终支付金额，并有“继续付款”按钮，这些都是支付页面的典型特征,df931585-6940-4317-96e8-7623a01158c3-646,支付页面
e0d2d6a8-ac1c-456c-b18c-ed4bed4aa8e3-625-0,,显示一个待付款的订单，并有“提交订单”的支付按钮，属于支付页面,e0d2d6a8-ac1c-456c-b18c-ed4bed4aa8e3-625,支付页面
eb08134f-e0a8-4fcf-b166-74261de4c746-681-0,,显示了商品总计金额、支付按钮与支付方式选择的勾选框，这些都是典型的支付页面元素,eb08134f-e0a8-4fcf-b166-74261de4c746-681,支付页面
f1b5105c-3316-4bcb-bdda-e78aae00d259-624-0,,显示一个待付款的订单，并有“提交订单”的支付按钮，属于支付页面,f1b5105c-3316-4bcb-bdda-e78aae00d259-624,支付页面
fac5b276-8b3f-48c3-af74-3d83b2a1535f-621-0,,属于支付页面，因为它显示了支付金额（32.20元）和“立即支付”按钮，这是典型的支付确认页面，是支付页面的一种,fac5b276-8b3f-48c3-af74-3d83b2a1535f-621,支付页面
